t,x,y,p,u,v
0.0,0.7599999999999999,0.20000000000000004,1.0,1.0,0.0
0.0,2.75,0.2,1.0000000000000004,1.0000000000000004,0.0
0.0,4.7799999999999985,0.2,0.9999999999999998,0.9999999999999998,0.0
0.5,0.7599999999999999,0.20000000000000004,0.6902126241967839,0.20935520789155468,-0.37415229386758464
0.5,2.75,0.2,0.0029494456290981054,0.7770177587461198,-0.01920462959166502
0.5,4.7799999999999985,0.2,1.0053291547252465,1.001614261000874,6.032336836065322e-05
0.9999999999999999,0.7599999999999999,0.20000000000000004,0.8576160431025054,0.12110073059193444,-0.11756204454001819
0.9999999999999999,2.75,0.2,1.1463219513426508,0.9639740264488602,-0.01030157634163155
0.9999999999999999,4.7799999999999985,0.2,1.0880117255785111,0.9793085326885714,-0.005592930885584396
1.5000000000000002,0.7599999999999999,0.20000000000000004,0.5838315351212272,-0.07529295432601799,-0.004524138411432634
1.5000000000000002,2.75,0.2,1.0344835629711342,0.9179910012339563,-0.01735703951624396
1.5000000000000002,4.7799999999999985,0.2,1.083703919817114,0.9927064487518891,-0.0016218058933255698
2.0000000000000004,0.7599999999999999,0.20000000000000004,0.5919066667493371,-0.09386919226368508,0.07394360034019307
2.0000000000000004,2.75,0.2,0.9632729986969476,0.8631559944005577,-0.031015136073192107
2.0000000000000004,4.7799999999999985,0.2,0.9525461517360572,0.9647054090127211,-0.0031666448148144604
2.500000000000001,0.7599999999999999,0.20000000000000004,0.6153112380352963,-0.10114114812478353,0.10038830967024505
2.500000000000001,2.75,0.2,1.0229942182053453,0.808112736361276,-0.05381722478750924
2.500000000000001,4.7799999999999985,0.2,0.9814324793718611,0.9624471297557886,-0.0038286716297901116
3.0000000000000013,0.7599999999999999,0.20000000000000004,0.6791671092649615,-0.0915237543830755,0.10038569722837257
3.0000000000000013,2.75,0.2,1.1020734544625845,0.7313104191247122,-0.07253769168919155
3.0000000000000013,4.7799999999999985,0.2,1.0065099175789487,0.9595469916121391,-0.0061314168093336285
3.5000000000000018,0.7599999999999999,0.20000000000000004,0.5862364713827263,-0.09474610709736325,0.09932005424499561
3.5000000000000018,2.75,0.2,1.012020056106602,0.6255372461320553,-0.0811988814429475
3.5000000000000018,4.7799999999999985,0.2,1.0672938996645591,0.9601241206262618,-0.007029509936521127
4.000000000000002,0.7599999999999999,0.20000000000000004,0.6442529158038006,-0.08430450525759854,0.09023298068452815
4.000000000000002,2.75,0.2,1.0234765090507407,0.5342484773913773,-0.09484738128366159
4.000000000000002,4.7799999999999985,0.2,0.9706167441728213,0.9287740717461674,-0.011457415308719299
4.5,0.7599999999999999,0.20000000000000004,0.6492769809363875,-0.07857146815989982,0.0828254668029712
4.5,2.75,0.2,1.0200323331269157,0.4421691787387517,-0.10153545009790425
4.5,4.7799999999999985,0.2,1.0249063399702845,0.9134348026180206,-0.01793088635819113
4.999999999999998,0.7599999999999999,0.20000000000000004,0.6631025654364288,-0.07340272798932444,0.0755563348072828
4.999999999999998,2.75,0.2,0.9904157721936963,0.35287331564271723,-0.10162059714289437
4.999999999999998,4.7799999999999985,0.2,1.0219593990791898,0.8775818297779396,-0.02487876121699226
5.4999999999999964,0.7599999999999999,0.20000000000000004,0.6689194091569226,-0.0693073155362241,0.06970403567489736
5.4999999999999964,2.75,0.2,0.9667961080664473,0.2741659266585445,-0.09731556923484729
5.4999999999999964,4.7799999999999985,0.2,1.029846535126835,0.8360621618299214,-0.028394861954947538
5.999999999999995,0.7599999999999999,0.20000000000000004,0.6745903145682993,-0.06609354295606172,0.06501744476570767
5.999999999999995,2.75,0.2,0.9353936724748056,0.20459283491413696,-0.0904835918692447
5.999999999999995,4.7799999999999985,0.2,1.0290252317818491,0.7921666577131754,-0.03139960762324871
6.499999999999993,0.7599999999999999,0.20000000000000004,0.680993057348853,-0.06351263798236768,0.06135236217625592
6.499999999999993,2.75,0.2,0.9117397724406542,0.14717230205449616,-0.08251775094561654
6.499999999999993,4.7799999999999985,0.2,1.0315894202200246,0.7483224597499315,-0.03561208187269169
6.999999999999991,0.7599999999999999,0.20000000000000004,0.6871382157325634,-0.06162072934938069,0.05857349793149697
6.999999999999991,2.75,0.2,0.8894940946340529,0.10065249626342275,-0.07428775971307922
6.999999999999991,4.7799999999999985,0.2,1.0336161944113558,0.7039695825776688,-0.03928436572869463
7.499999999999989,0.7599999999999999,0.20000000000000004,0.6925295920932237,-0.060124259356535835,0.05625541517959641
7.499999999999989,2.75,0.2,0.8711396232189343,0.0642622218182109,-0.06654931416574286
7.499999999999989,4.7799999999999985,0.2,1.0330822160301332,0.659608639856222,-0.041962258744082145
7.999999999999988,0.7599999999999999,0.20000000000000004,0.6960682309727633,-0.059018322017211425,0.05438186616372059
7.999999999999988,2.75,0.2,0.8558278713039218,0.03636618648114612,-0.059326922621576135
7.999999999999988,4.7799999999999985,0.2,1.0314321689085841,0.615729058239997,-0.04380416758310434
8.499999999999986,0.7599999999999999,0.20000000000000004,0.6991423715707263,-0.05820155761725306,0.05271432829440748
8.499999999999986,2.75,0.2,0.8437239686588905,0.01526912681440714,-0.05255598846258375
8.499999999999986,4.7799999999999985,0.2,1.0272599126811532,0.5724525762313094,-0.0450375809749248
8.999999999999984,0.7599999999999999,0.20000000000000004,0.7032057185384804,-0.057575133921154535,0.05114458614630897
8.999999999999984,2.75,0.2,0.8350914063549895,-0.00026006681454626007,-0.0461518757330629
8.999999999999984,4.7799999999999985,0.2,1.0232317303350278,0.5307394622242585,-0.04600166148295481
9.499999999999982,0.7599999999999999,0.20000000000000004,0.7067164049107677,-0.057060751331209504,0.04966816504756254
9.499999999999982,2.75,0.2,0.8289188339343714,-0.011683137026826572,-0.03994616444894543
9.499999999999982,4.7799999999999985,0.2,1.0177869249614064,0.4912446641473225,-0.04682624025547723
9.99999999999998,0.7599999999999999,0.20000000000000004,0.7098479070953638,-0.05661712458695506,0.048251719612172984
9.99999999999998,2.75,0.2,0.823276041264796,-0.01984681228099078,-0.034032475190955036
9.99999999999998,4.7799999999999985,0.2,1.001479805372504,0.4557759514099248,-0.04767210313179661
10.499999999999979,0.7599999999999999,0.20000000000000004,0.707388026612305,-0.055884339010219886,0.046859545761667835
10.499999999999979,2.75,0.2,0.8090608133920322,-0.02403110789196428,-0.02851859032695198
10.499999999999979,4.7799999999999985,0.2,1.002305667169172,0.420853274615693,-0.048379523051254425
10.999999999999977,0.7599999999999999,0.20000000000000004,0.7024346924736995,-0.05536320603201678,0.04539993285395473
10.999999999999977,2.75,0.2,0.8258151544940298,-0.031730432244097884,-0.023557866369537134
10.999999999999977,4.7799999999999985,0.2,1.0032055034124145,0.3882413871608639,-0.04889360584597106
11.499999999999975,0.7599999999999999,0.20000000000000004,0.7279581542785342,-0.05752377724733164,0.04575719840482353
11.499999999999975,2.75,0.2,0.819596106574964,-0.0337941787544397,-0.019772490953561112
11.499999999999975,4.7799999999999985,0.2,0.9820881940166422,0.3624193777763168,-0.04870036401706557
11.999999999999973,0.7599999999999999,0.20000000000000004,0.70872382427949,-0.05551591054319602,0.044931342681878386
11.999999999999973,2.75,0.2,0.8142260685425,-0.03536953907667222,-0.016939402340314193
11.999999999999973,4.7799999999999985,0.2,0.9828140977184567,0.33624099328625234,-0.04766546399924472
12.499999999999972,0.7599999999999999,0.20000000000000004,0.7165713546534674,-0.05562536680602502,0.04463971567580109
12.499999999999972,2.75,0.2,0.8203793426007991,-0.03809716042512329,-0.015582286569240947
12.499999999999972,4.7799999999999985,0.2,0.9756875413183481,0.31268272350376264,-0.04560533166828758
12.99999999999997,0.7599999999999999,0.20000000000000004,0.7203337419336205,-0.05578237839411796,0.044921399880211495
12.99999999999997,2.75,0.2,0.8236684357631648,-0.03955677810513614,-0.01541731102172265
12.99999999999997,4.7799999999999985,0.2,0.9700848402988258,0.292244760462024,-0.0424816582826045
13.499999999999968,0.7599999999999999,0.20000000000000004,0.7217870892229494,-0.055774062541364036,0.045356141407465814
13.499999999999968,2.75,0.2,0.819868455225414,-0.03991760074509665,-0.01637175639670463
13.499999999999968,4.7799999999999985,0.2,0.9594875218656655,0.27426875957946467,-0.03849908129317167
13.999999999999966,0.7599999999999999,0.20000000000000004,0.7174535267940445,-0.05479421938423784,0.04545062024536083
13.999999999999966,2.75,0.2,0.8187500720422358,-0.040404163209022,-0.01796544733557028
13.999999999999966,4.7799999999999985,0.2,0.9580073455861383,0.25639741170958413,-0.03410146111751072
14.499999999999964,0.7599999999999999,0.20000000000000004,0.7245473819063559,-0.05495971537598646,0.045824299749629996
14.499999999999964,2.75,0.2,0.824934102124443,-0.04059956536514288,-0.01989655126547788
14.499999999999964,4.7799999999999985,0.2,0.9525174487059729,0.24166796883434338,-0.029862078994357333
14.999999999999963,0.7599999999999999,0.20000000000000004,0.722694549867237,-0.054966003768531925,0.046251194998185856
14.999999999999963,2.75,0.2,0.8213446643700595,-0.040308962776211696,-0.021567995825176437
14.999999999999963,4.7799999999999985,0.2,0.9511846022208443,0.22862252431428906,-0.026272576361784136
15.499999999999961,0.7599999999999999,0.20000000000000004,0.7244046206375767,-0.05468603204279861,0.046276439936888236
15.499999999999961,2.75,0.2,0.8218404356971369,-0.039903848237184666,-0.022723160513593695
15.499999999999961,4.7799999999999985,0.2,0.945801236578511,0.21682363555129275,-0.023931124864835354
15.99999999999996,0.7599999999999999,0.20000000000000004,0.7261144210564503,-0.05465831941361222,0.04619078894385434
15.99999999999996,2.75,0.2,0.8224520969661561,-0.039198350656975814,-0.022981272442070686
15.99999999999996,4.7799999999999985,0.2,0.9451088691261769,0.2074528684584063,-0.023106204066822275
16.499999999999964,0.7599999999999999,0.20000000000000004,0.7269521442210618,-0.05464119832212768,0.04585432830898076
16.499999999999964,2.75,0.2,0.8224397360678021,-0.03862889824137109,-0.02224085182209948
16.499999999999964,4.7799999999999985,0.2,0.9432200302450996,0.1997357305596822,-0.023812526477524888
16.99999999999997,0.7599999999999999,0.20000000000000004,0.7273427301775308,-0.054701860682568354,0.04533980010869818
16.99999999999997,2.75,0.2,0.8216199529827801,-0.03834421720703958,-0.020553541189768054
16.99999999999997,4.7799999999999985,0.2,0.9415489290322975,0.19373114447404347,-0.025791034033088994
17.49999999999998,0.7599999999999999,0.20000000000000004,0.728950397195475,-0.054668362036944015,0.04464415913660342
17.49999999999998,2.75,0.2,0.822047712345513,-0.03829994747262222,-0.01815088357127439
17.49999999999998,4.7799999999999985,0.2,0.9393393507576562,0.18921095003806643,-0.02854147341561716
17.999999999999986,0.7599999999999999,0.20000000000000004,0.7294389886168776,-0.05474532860386205,0.043953445146852434
17.999999999999986,2.75,0.2,0.8224454233336234,-0.03869107116982569,-0.015367044144079047
17.999999999999986,4.7799999999999985,0.2,0.9385495383770759,0.18622519840881552,-0.03140789801229489
18.499999999999993,0.7599999999999999,0.20000000000000004,0.7301941782354594,-0.05477040709928563,0.043312684712942306
18.499999999999993,2.75,0.2,0.8226853386631282,-0.03956577568955149,-0.012664130849960422
18.499999999999993,4.7799999999999985,0.2,0.9366363198176874,0.1840544409694344,-0.03369319410102506
19.0,0.7599999999999999,0.20000000000000004,0.7307946354480376,-0.05478330095802832,0.04284661794585123
19.0,2.75,0.2,0.8234593623384283,-0.040766896107602785,-0.010487202939024744
19.0,4.7799999999999985,0.2,0.9351579445147462,0.18250887931869264,-0.03480390198535759
19.500000000000007,0.7599999999999999,0.20000000000000004,0.7313328718477298,-0.05476091328638505,0.042621494047312816
19.500000000000007,2.75,0.2,0.8242042535492458,-0.04222436208388793,-0.009223297866198037
19.500000000000007,4.7799999999999985,0.2,0.9336316818141993,0.18106903049122286,-0.03433380443160711
20.000000000000014,0.7599999999999999,0.20000000000000004,0.7317540252081279,-0.05470064363879493,0.04267605935662013
20.000000000000014,2.75,0.2,0.8250366293491929,-0.04373723112244948,-0.009117892000254915
20.000000000000014,4.7799999999999985,0.2,0.9322383676256647,0.17932114579248853,-0.03215727186300593
20.50000000000002,0.7599999999999999,0.20000000000000004,0.7321687062045202,-0.05460429039859316,0.04300257713586185
20.50000000000002,2.75,0.2,0.8257849682523566,-0.045138336561646994,-0.010229445102430583
20.50000000000002,4.7799999999999985,0.2,0.9310696747356122,0.17694291960652644,-0.028450754295642113
21.00000000000003,0.7599999999999999,0.20000000000000004,0.732594663541317,-0.05447992630469135,0.043548517854932745
21.00000000000003,2.75,0.2,0.8264223377787944,-0.04624067209263605,-0.012408230637175116
21.00000000000003,4.7799999999999985,0.2,0.9302404642492491,0.1737706266835356,-0.02368526286536901
21.500000000000036,0.7599999999999999,0.20000000000000004,0.7330252077183853,-0.054340587546141385,0.04422101525503548
21.500000000000036,2.75,0.2,0.826842296635279,-0.0469271943302782,-0.015313635274095752
21.500000000000036,4.7799999999999985,0.2,0.9297509625236791,0.16984270642848165,-0.018561951334687188
22.000000000000043,0.7599999999999999,0.20000000000000004,0.733530350037098,-0.05420570333715786,0.04490574505231398
22.000000000000043,2.75,0.2,0.8269427461436911,-0.047105081454405145,-0.01846524424928687
22.000000000000043,4.7799999999999985,0.2,0.9295369857739785,0.16538034365438,-0.01390643922615586
22.50000000000005,0.7599999999999999,0.20000000000000004,0.7339690607494442,-0.05408331241384979,0.0454765120104476
22.50000000000005,2.75,0.2,0.8268098132134983,-0.04678940876369546,-0.021317228279250314
22.50000000000005,4.7799999999999985,0.2,0.9297735876464117,0.1606956368941597,-0.010530879184646857
23.000000000000057,0.7599999999999999,0.20000000000000004,0.7346053208394434,-0.054012265943483184,0.04583263929670278
23.000000000000057,2.75,0.2,0.8265116929878009,-0.046062691013345355,-0.02335487540020873
23.000000000000057,4.7799999999999985,0.2,0.9300189479086385,0.1562473601456485,-0.009082133765560501
23.500000000000064,0.7599999999999999,0.20000000000000004,0.7351730695280252,-0.05397911559103639,0.04589532068614205
23.500000000000064,2.75,0.2,0.8259310658069123,-0.045029899455318295,-0.024176527996516622
23.500000000000064,4.7799999999999985,0.2,0.9303601278285314,0.15240431769196,-0.009906019545755674
24.00000000000007,0.7599999999999999,0.20000000000000004,0.7356728386604241,-0.053991277830083596,0.04562905233029314
24.00000000000007,2.75,0.2,0.8253850989478896,-0.043934766566519776,-0.02357014427012526
24.00000000000007,4.7799999999999985,0.2,0.9308341879675717,0.14945365878514683,-0.012965876249422775
24.500000000000078,0.7599999999999999,0.20000000000000004,0.7363374688259522,-0.05406894395626326,0.04506929843601411
24.500000000000078,2.75,0.2,0.8250851485122312,-0.04300773620604158,-0.021555041801211774
24.500000000000078,4.7799999999999985,0.2,0.9308827182523911,0.1476843297096676,-0.017828296047090783
25.000000000000085,0.7599999999999999,0.20000000000000004,0.73692830978989,-0.05417634417565761,0.04429009090777333
25.000000000000085,2.75,0.2,0.8246671024857821,-0.042371111797829854,-0.01838650765340931
25.000000000000085,4.7799999999999985,0.2,0.9306573626351178,0.14715168446322321,-0.023716997883928906
25.500000000000092,0.7599999999999999,0.20000000000000004,0.7371431758737262,-0.05427184261192429,0.04338612324401087
25.500000000000092,2.75,0.2,0.824682380938953,-0.04227538276790874,-0.014521767950079551
25.500000000000092,4.7799999999999985,0.2,0.9303385452316403,0.14773509007339497,-0.0296479378515424
26.0000000000001,0.7599999999999999,0.20000000000000004,0.7376453118840661,-0.05439264101361295,0.042522356774847524
26.0000000000001,2.75,0.2,0.8251106170607065,-0.04276673494571592,-0.010563784713309005
26.0000000000001,4.7799999999999985,0.2,0.9295098822583816,0.14927248359015524,-0.03458711589617057
26.500000000000107,0.7599999999999999,0.20000000000000004,0.7378495577289211,-0.054474313242944675,0.04183215410065158
26.500000000000107,2.75,0.2,0.8257228146649249,-0.04379225558657266,-0.007156777964098306
26.500000000000107,4.7799999999999985,0.2,0.928466962349394,0.1513560094142402,-0.03762770391505907
27.000000000000114,0.7599999999999999,0.20000000000000004,0.7379532819054309,-0.05450628785412432,0.04143033868045192
27.000000000000114,2.75,0.2,0.8265480314200355,-0.04525562490284288,-0.004894200834593543
27.000000000000114,4.7799999999999985,0.2,0.9272474821309371,0.15344855972485652,-0.03814159002176222
27.50000000000012,0.7599999999999999,0.20000000000000004,0.738025254866646,-0.05448285730532662,0.041398347395616465
27.50000000000012,2.75,0.2,0.8275922969064764,-0.04695679364890381,-0.004208970400342073
27.50000000000012,4.7799999999999985,0.2,0.9260801274689547,0.15498768327573859,-0.03588548268621427
28.000000000000128,0.7599999999999999,0.20000000000000004,0.7381143948518533,-0.054413088705035965,0.04176168191324984
28.000000000000128,2.75,0.2,0.8286056780858814,-0.04864102592966375,-0.005296511933082705
28.000000000000128,4.7799999999999985,0.2,0.9250471123496621,0.15548839293939154,-0.031048087911008375
28.500000000000135,0.7599999999999999,0.20000000000000004,0.7381176179094829,-0.05428565314098892,0.04247075462863983
28.500000000000135,2.75,0.2,0.8293838565900848,-0.050063324785310614,-0.008063775114660663
28.500000000000135,4.7799999999999985,0.2,0.9243953848902897,0.15459381494534777,-0.02424482311159757
29.000000000000142,0.7599999999999999,0.20000000000000004,0.7382354172128442,-0.054124390751940255,0.043421549423018624
29.000000000000142,2.75,0.2,0.829971591484456,-0.05100931772493699,-0.012131824253847578
29.000000000000142,4.7799999999999985,0.2,0.9241761883547945,0.15225247225519115,-0.016455302067964916
29.50000000000015,0.7599999999999999,0.20000000000000004,0.7383968172823622,-0.0539545460550089,0.044469615485074006
29.50000000000015,2.75,0.2,0.8301810534641831,-0.051322483777045305,-0.016880949232794394
29.50000000000015,4.7799999999999985,0.2,0.9245147006117582,0.1486863898884831,-0.008897241566717578
30.000000000000156,0.7599999999999999,0.20000000000000004,0.7386382990483258,-0.05379856324323005,0.0454398937523441
30.000000000000156,2.75,0.2,0.8300117364587247,-0.05094730888416164,-0.02154746021846051
30.000000000000156,4.7799999999999985,0.2,0.9252677495172155,0.14433755546301902,-0.002849609243306175
30.500000000000163,0.7599999999999999,0.20000000000000004,0.7389879411314807,-0.05368348001523731,0.046167756504682585
30.500000000000163,2.75,0.2,0.8295013955862626,-0.049917385013662566,-0.025343484143119176
30.500000000000163,4.7799999999999985,0.2,0.9263281589180026,0.13980150346958717,0.0005668689020648034
31.00000000000017,0.7599999999999999,0.20000000000000004,0.7394215968113189,-0.0536279099039847,0.04651809039475221
31.00000000000017,2.75,0.2,0.8287291679836615,-0.0483733833467473,-0.027589368132550564
31.00000000000017,4.7799999999999985,0.2,0.9274898909106506,0.1356881826779726,0.0006073940648775263
31.500000000000178,0.7599999999999999,0.20000000000000004,0.7398916337372514,-0.053644377951939465,0.04641213126825416
31.500000000000178,2.75,0.2,0.8277981547925287,-0.04655053757018299,-0.02783097449644718
31.500000000000178,4.7799999999999985,0.2,0.9285608101129349,0.13252797179359627,-0.0029304673560653755
32.000000000000185,0.7599999999999999,0.20000000000000004,0.74037326821888,-0.0537300549651612,0.04584115536020915
32.000000000000185,2.75,0.2,0.8268843355532353,-0.04474842546567266,-0.025923533184989245
32.000000000000185,4.7799999999999985,0.2,0.9293561457137041,0.13070866422091226,-0.009635218029921191
32.50000000000019,0.7599999999999999,0.20000000000000004,0.7408148800332475,-0.05387408128191472,0.04487332422649111
32.50000000000019,2.75,0.2,0.8261704271280873,-0.0432869544496138,-0.022066650256614848
32.50000000000019,4.7799999999999985,0.2,0.929768737408873,0.130464866756057,-0.018525233128441208
33.0000000000002,0.7599999999999999,0.20000000000000004,0.741173943669783,-0.0540536514978813,0.043645884043100075
33.0000000000002,2.75,0.2,0.8258072065841575,-0.04245047141708555,-0.016787007276014496
33.0000000000002,4.7799999999999985,0.2,0.9297023430356057,0.13185639346146807,-0.02820088719803461
33.500000000000206,0.7599999999999999,0.20000000000000004,0.7414187555400471,-0.05423957258383007,0.042345229161484005
33.500000000000206,2.75,0.2,0.825910507415156,-0.042427565965978235,-0.010869516014127459
33.500000000000206,4.7799999999999985,0.2,0.9291237379066628,0.13475046245792666,-0.037076675758791436
34.00000000000021,0.7599999999999999,0.20000000000000004,0.7415318143697021,-0.05440097505811668,0.041181307157123204
34.00000000000021,2.75,0.2,0.8265053099845298,-0.0432723772801802,-0.005246008316080952
34.00000000000021,4.7799999999999985,0.2,0.9280570868041241,0.13877793578996422,-0.043647872397895346
34.50000000000022,0.7599999999999999,0.20000000000000004,0.7415160642101161,-0.0545091986442262,0.040351907586994945
34.50000000000022,2.75,0.2,0.8275301746822474,-0.04488778680282893,-0.0008547671697052934
34.50000000000022,4.7799999999999985,0.2,0.9266031565598699,0.14331581174150534,-0.04673965218881428
35.00000000000023,0.7599999999999999,0.20000000000000004,0.741396637183442,-0.05454343184338074,0.040011263753631565
35.00000000000023,2.75,0.2,0.828837229403878,-0.04704070680128171,0.0015115518550828846
35.00000000000023,4.7799999999999985,0.2,0.924952988272488,0.147541380336225,-0.0456917008499676
35.500000000000234,0.7599999999999999,0.20000000000000004,0.7412101773640439,-0.05449258703548419,0.04023924746128932
35.500000000000234,2.75,0.2,0.8302273692050596,-0.049402780780116604,0.0013464253488306762
35.500000000000234,4.7799999999999985,0.2,0.9233796388054942,0.1505792715841811,-0.04045713391152732
36.00000000000024,0.7599999999999999,0.20000000000000004,0.7410067606539343,-0.05435930434561158,0.04102742371650149
36.00000000000024,2.75,0.2,0.8314920999548875,-0.05160752745327729,-0.0014661132703770053
36.00000000000024,4.7799999999999985,0.2,0.9221848004159414,0.15171027111720392,-0.031622554940895144
36.50000000000025,0.7599999999999999,0.20000000000000004,0.7408453971159601,-0.054159804948258596,0.042273570449667675
36.50000000000025,2.75,0.2,0.8324415099826674,-0.05330664629676228,-0.006606346028194434
36.50000000000025,4.7799999999999985,0.2,0.9216246419983452,0.1505638941539104,-0.020363344808549465
37.000000000000256,0.7599999999999999,0.20000000000000004,0.7407711035605559,-0.05392127838577249,0.043794823287982045
37.000000000000256,2.75,0.2,0.8329363925805877,-0.05422141937908927,-0.013346028534468693
37.000000000000256,4.7799999999999985,0.2,0.9218521199718748,0.14722050177955076,-0.0083310124175225
37.50000000000026,0.7599999999999999,0.20000000000000004,0.740826161163823,-0.05368089589614179,0.04535426813060819
37.50000000000026,2.75,0.2,0.8329063244332009,-0.054179141816756204,-0.020649463545406935
37.50000000000026,4.7799999999999985,0.2,0.9228460717659479,0.14219710900571492,0.002546840343662718
38.00000000000027,0.7599999999999999,0.20000000000000004,0.7410317241914383,-0.053477169973972866,0.04669732242875
38.00000000000027,2.75,0.2,0.8323370674607518,-0.05313390068185245,-0.02733350171257042
38.00000000000027,4.7799999999999985,0.2,0.9244199348517727,0.136318080447697,0.010360281383981448
38.50000000000028,0.7599999999999999,0.20000000000000004,0.7413742109999497,-0.05334583672251213,0.04759091906518801
38.50000000000028,2.75,0.2,0.8312844352051741,-0.05118369143981048,-0.03226079099599725
38.50000000000028,4.7799999999999985,0.2,0.9262847538696,0.1305186509386126,0.013568347747111558
39.000000000000284,0.7599999999999999,0.20000000000000004,0.7418220081340674,-0.05331217142936379,0.04786506532110809
39.000000000000284,2.75,0.2,0.8298839005284111,-0.04857601454054479,-0.034532287041338254
39.000000000000284,4.7799999999999985,0.2,0.9281177612539937,0.1256559908260488,0.011328058348645073
39.50000000000029,0.7599999999999999,0.20000000000000004,0.7423262387549366,-0.05338561730325973,0.04744031476082695
39.50000000000029,2.75,0.2,0.8283347193892767,-0.0456905810237776,-0.03364473365665076
39.50000000000029,4.7799999999999985,0.2,0.9296438846100941,0.12238624257719048,0.003708388300735943
40.0000000000003,0.7599999999999999,0.20000000000000004,0.7428124013806396,-0.05355805028902572,0.04634802982581363
40.0000000000003,2.75,0.2,0.8268956113101248,-0.04299705647436253,-0.029585730059657284
40.0000000000003,4.7799999999999985,0.2,0.9306730238130757,0.1211368998506421,-0.008272299224718234
40.500000000000306,0.7599999999999999,0.20000000000000004,0.7432189398328691,-0.053805656732571275,0.04472964910658727
40.500000000000306,2.75,0.2,0.8258447628880731,-0.04097673037219747,-0.02285261388966657
40.500000000000306,4.7799999999999985,0.2,0.9310768658607437,0.12214231852186166,-0.022793806298903832
41.00000000000031,0.7599999999999999,0.20000000000000004,0.7434915300954474,-0.054090655207518275,0.042821125055718744
41.00000000000031,2.75,0.2,0.8254164011501669,-0.04002558043715901,-0.014394477615685217
41.00000000000031,4.7799999999999985,0.2,0.9307689984740647,0.1254560375021971,-0.03753382691892057
41.50000000000032,0.7599999999999999,0.20000000000000004,0.7435875633636646,-0.05436766236400487,0.040918994654085175
41.50000000000032,2.75,0.2,0.8257389352625727,-0.04036644541392425,-0.005486759290382844
41.50000000000032,4.7799999999999985,0.2,0.9297040873980007,0.13087814060073943,-0.050064958394659936
42.00000000000033,0.7599999999999999,0.20000000000000004,0.7434940088053217,-0.05459127303572089,0.03933635363692634
42.00000000000033,2.75,0.2,0.826802773150116,-0.0419964464954344,0.002447852470286521
42.00000000000033,4.7799999999999985,0.2,0.9279187528413152,0.13782651396782483,-0.058272768741168754
42.500000000000334,0.7599999999999999,0.20000000000000004,0.7432265363366323,-0.05472179519076255,0.03835050680603009
42.500000000000334,2.75,0.2,0.8284528741020935,-0.04468227658386639,0.00805454315678351
42.500000000000334,4.7799999999999985,0.2,0.9255825745191198,0.1452681760917552,-0.06070035283385654
43.00000000000034,0.7599999999999999,0.20000000000000004,0.7428285196936902,-0.05473385196242221,0.03815650958666396
43.00000000000034,2.75,0.2,0.8304137178700601,-0.04800264190164656,0.01027101175385568
43.00000000000034,4.7799999999999985,0.2,0.9230264241925232,0.15183243535754817,-0.05674600776067292
43.50000000000035,0.7599999999999999,0.20000000000000004,0.7423624378057065,-0.05461698391932488,0.038828411698269075
43.50000000000035,2.75,0.2,0.8323616766301153,-0.051428951404549325,0.008526690855734303
43.50000000000035,4.7799999999999985,0.2,0.9207210543630227,0.15612530672372,-0.046716067818971155
44.000000000000355,0.7599999999999999,0.20000000000000004,0.7419094410638721,-0.05438262934215326,0.04030061815471732
44.000000000000355,2.75,0.2,0.8339935131743983,-0.054418444955383755,0.0028768013346510456
44.000000000000355,4.7799999999999985,0.2,0.919166701735779,0.15712967489160412,-0.03179619273024469
44.50000000000036,0.7599999999999999,0.20000000000000004,0.7415541371225126,-0.05406052426644111,0.0423723402845759
44.50000000000036,2.75,0.2,0.835069452920438,-0.056496071329450434,-0.005962912499614032
44.50000000000036,4.7799999999999985,0.2,0.9187510339592747,0.15450809244837704,-0.013981174391944583
45.00000000000037,0.7599999999999999,0.20000000000000004,0.7413678089397939,-0.05369838423855291,0.04473452450079943
45.00000000000037,2.75,0.2,0.8354345289920142,-0.057312845351418215,-0.016697543416720324
45.00000000000037,4.7799999999999985,0.2,0.9196201479418122,0.14869886394767218,0.004077959178013512
45.50000000000038,0.7599999999999999,0.20000000000000004,0.7413964160663511,-0.05335274881600136,0.04701430211631209
45.50000000000038,2.75,0.2,0.8350228633438538,-0.05667933184361625,-0.027643395722391807
45.50000000000038,4.7799999999999985,0.2,0.9216207502017775,0.14078800593813173,0.01938785992027664
46.000000000000384,0.7599999999999999,0.20000000000000004,0.7416613935014573,-0.053082839742639915,0.0488349206573078
46.000000000000384,2.75,0.2,0.8338525027054698,-0.054587776207106475,-0.03699761510015875
46.000000000000384,4.7799999999999985,0.2,0.924338406775575,0.13221439088050335,0.029110891760938055
46.50000000000039,0.7599999999999999,0.20000000000000004,0.7421356082541584,-0.052938623388181,0.04987479930969248
46.50000000000039,2.75,0.2,0.8320273748702016,-0.051234603794876224,-0.043140575794175656
46.50000000000039,4.7799999999999985,0.2,0.9272365266872429,0.12440256572695786,0.03115624595933546
47.0000000000004,0.7599999999999999,0.20000000000000004,0.7427580657949111,-0.052950121779027484,0.04992246779911781
47.0000000000004,2.75,0.2,0.8297560621183016,-0.04703736697126296,-0.044915664256876854
47.0000000000004,4.7799999999999985,0.2,0.9298258420728895,0.11846120337599439,0.024684626541598028
47.500000000000405,0.7599999999999999,0.20000000000000004,0.7434343132942497,-0.05312219876377579,0.048915693201058846
47.500000000000405,2.75,0.2,0.8273557482602243,-0.04261783483948478,-0.041832928670007964
47.500000000000405,4.7799999999999985,0.2,0.9317759907478478,0.11507721644818292,0.01035574889335867
48.00000000000041,0.7599999999999999,0.20000000000000004,0.7440475256656713,-0.05343229204900404,0.04695963946377517
48.00000000000041,2.75,0.2,0.8252317685081242,-0.03872290954511918,-0.034162860387346
48.00000000000041,4.7799999999999985,0.2,0.932914230711671,0.1146248855449595,-0.009744928810741477
48.50000000000042,0.7599999999999999,0.20000000000000004,0.7444919128463362,-0.053833637937772814,0.04432000078984508
48.50000000000042,2.75,0.2,0.823809979419571,-0.03608235176869787,-0.022912851833783318
48.50000000000042,4.7799999999999985,0.2,0.9331465566881945,0.1173458421066196,-0.03245011555290757
49.000000000000426,0.7599999999999999,0.20000000000000004,0.7446918139923423,-0.05426507187355382,0.04139089296254625
49.000000000000426,2.75,0.2,0.8234370937077947,-0.03524261389353765,-0.009700504207253519
49.000000000000426,4.7799999999999985,0.2,0.9323730823278059,0.12337703952320525,-0.05404810336557644
49.50000000000043,0.7599999999999999,0.20000000000000004,0.7446113352523819,-0.05465891235805795,0.03863764810020899
49.50000000000043,2.75,0.2,0.8242689271038934,-0.03643221540779392,0.003456604570922031
49.50000000000043,4.7799999999999985,0.2,0.9304995923579082,0.13250858774540267,-0.07094412259242212
50.00000000000044,0.7599999999999999,0.20000000000000004,0.7442582718113696,-0.05495121792693246,0.03652464847887154
50.00000000000044,2.75,0.2,0.8262034719485123,-0.03950303263173174,0.014419108573988468
50.00000000000044,4.7799999999999985,0.2,0.9275435503928593,0.14380765687813418,-0.08031427426390898
50.50000000000045,0.7599999999999999,0.20000000000000004,0.743673108981794,-0.05508969620516144,0.03543688658627266
50.50000000000045,2.75,0.2,0.8288917346356776,-0.04395814732798202,0.021252932242619593
50.50000000000045,4.7799999999999985,0.2,0.9237773059085781,0.15544948569826025,-0.08054548595365522
51.000000000000455,0.7599999999999999,0.20000000000000004,0.7429194091206783,-0.05504247097783188,0.03560970455297193
51.000000000000455,2.75,0.2,0.8318395551463841,-0.0490589527177394,0.02256521099177329
51.000000000000455,4.7799999999999985,0.2,0.9198021906289005,0.16503848859819026,-0.07134008580917008
51.50000000000046,0.7599999999999999,0.20000000000000004,0.7421057716809002,-0.0548041848142763,0.03708107242632845
51.50000000000046,2.75,0.2,0.8345396312216073,-0.05397448635181869,0.017790286341566472
51.50000000000046,4.7799999999999985,0.2,0.9164318654086036,0.1703473714393174,-0.053616719539566024
52.00000000000047,0.7599999999999999,0.20000000000000004,0.7413491406844114,-0.05440014116728052,0.03967614443722699
52.00000000000047,2.75,0.2,0.8365746882644832,-0.05792852773813744,0.0073581382945102055
52.00000000000047,4.7799999999999985,0.2,0.9144901515001789,0.17005722572977688,-0.029440206489474915
52.500000000000476,0.7599999999999999,0.20000000000000004,0.7407765742740109,-0.05388412045322239,0.04302404170017349
52.500000000000476,2.75,0.2,0.8376755449385437,-0.06030911190905483,-0.007308018581039208
52.500000000000476,4.7799999999999985,0.2,0.9145261358684273,0.16415499671666545,-0.002017099873120495
53.00000000000048,0.7599999999999999,0.20000000000000004,0.7404852481851514,-0.05333404583456073,0.04661274014086656
53.00000000000048,2.75,0.2,0.8377030839393398,-0.06071309183922467,-0.0239809772087615
53.00000000000048,4.7799999999999985,0.2,0.9165980067735289,0.1539007973418777,0.024456983895706823
53.50000000000049,0.7599999999999999,0.20000000000000004,0.7405336908725378,-0.052840478451108334,0.04986650136712336
53.50000000000049,2.75,0.2,0.8366176863318585,-0.05895542802483164,-0.03997696856306658
53.50000000000049,4.7799999999999985,0.2,0.9202199894357266,0.14144411432470474,0.04532625498686961
54.0000000000005,0.7599999999999999,0.20000000000000004,0.740924100570648,-0.05249119060855714,0.05223703871653085
54.0000000000005,2.75,0.2,0.8344657892706163,-0.055088707563520245,-0.05260264964601674
54.0000000000005,4.7799999999999985,0.2,0.9245142870894729,0.1292086713288125,0.056393816327392494
54.500000000000504,0.7599999999999999,0.20000000000000004,0.7416068354092411,-0.05235461884719773,0.05329236522222916
54.500000000000504,2.75,0.2,0.8313975096229711,-0.04945812721544768,-0.05962245935765737
54.500000000000504,4.7799999999999985,0.2,0.9285676420116584,0.11920706540584136,0.054962959236410425
55.00000000000051,0.7599999999999999,0.20000000000000004,0.742462178680026,-0.05246364553756567,0.052789341774863864
55.00000000000051,2.75,0.2,0.8277422725503822,-0.04276934679362962,-0.05965386575815272
55.00000000000051,4.7799999999999985,0.2,0.931775339528111,0.11259105046878601,0.040576313671319975
55.50000000000052,0.7599999999999999,0.20000000000000004,0.7433401206063951,-0.052810429585058535,0.050724497725923086
55.50000000000052,2.75,0.2,0.8240458912233767,-0.03607072702153992,-0.05240695317355776
55.50000000000052,4.7799999999999985,0.2,0.9339157526644069,0.10973523497013178,0.015166331082977748
56.000000000000526,0.7599999999999999,0.20000000000000004,0.7440875545212685,-0.053344908148292194,0.047346541985907216
56.000000000000526,2.75,0.2,0.8209914533139324,-0.030582997864812445,-0.03873084839582458
56.000000000000526,4.7799999999999985,0.2,0.9349898166189651,0.11078219382426746,-0.01731963429472388
56.50000000000053,0.7599999999999999,0.20000000000000004,0.7445519774165892,-0.053984343226578066,0.04313444942445936
56.50000000000053,2.75,0.2,0.8192608974621505,-0.027410948375830135,-0.020496881937996158
56.50000000000053,4.7799999999999985,0.2,0.9349430228820654,0.11614717897068855,-0.051583610810204336
57.00000000000054,0.7599999999999999,0.20000000000000004,0.744632487873482,-0.054627502848900215,0.03873343885309176
57.00000000000054,2.75,0.2,0.8193244202914394,-0.027254663063403406,-0.0003656707407295801
57.00000000000054,4.7799999999999985,0.2,0.9335258144468682,0.1264206203261236,-0.0818628165713825
57.50000000000055,0.7599999999999999,0.20000000000000004,0.7442891787556173,-0.05517326211302742,0.03486144823646328
57.50000000000055,2.75,0.2,0.8212736763471928,-0.030227865436719605,0.018538978501276383
57.50000000000055,4.7799999999999985,0.2,0.9304174277576338,0.141548786856867,-0.10305580140322246
58.000000000000554,0.7599999999999999,0.20000000000000004,0.7435398067912543,-0.055530613330795085,0.03219213687647691
58.000000000000554,2.75,0.2,0.8247482931457364,-0.03583278317079715,0.033053678356370325
58.000000000000554,4.7799999999999985,0.2,0.9255856313959536,0.1598196410274852,-0.111781403057401
58.50000000000056,0.7599999999999999,0.20000000000000004,0.7424625082501909,-0.055635116840035075,0.03123920000300022
58.50000000000056,2.75,0.2,0.8290467490441323,-0.043081572406018905,0.040477009118190785
58.50000000000056,4.7799999999999985,0.2,0.91956645928432,0.17767014123173974,-0.10677322887487956
59.00000000000057,0.7599999999999999,0.20000000000000004,0.7411948739700482,-0.05545385033490237,0.03225401245751526
59.00000000000057,2.75,0.2,0.8333288335929774,-0.05071588121836628,0.0390837283806869
59.00000000000057,4.7799999999999985,0.2,0.9134965842729328,0.1908057645198434,-0.08850297267927378
59.500000000000576,0.7599999999999999,0.20000000000000004,0.739901089524042,-0.0549946363193731,0.035170332659582394
59.500000000000576,2.75,0.2,0.8368588175200213,-0.05748070547878488,0.028537240207498024
59.500000000000576,4.7799999999999985,0.2,0.9088161554585493,0.19590514094196226,-0.058759989671476845
60.00000000000058,0.7599999999999999,0.20000000000000004,0.7387698070561675,-0.05430999341789692,0.039598995422940264
60.00000000000058,2.75,0.2,0.8391517833630873,-0.062347649726299054,0.010076353429385837
60.00000000000058,4.7799999999999985,0.2,0.9068456401814312,0.19174580844538475,-0.020784798861620494
60.50000000000059,0.7599999999999999,0.20000000000000004,0.7379750911595244,-0.05349532282216443,0.04487903272683619
60.50000000000059,2.75,0.2,0.8400099345237125,-0.06462479751840221,-0.013601024480814194
60.50000000000059,4.7799999999999985,0.2,0.9082555379999471,0.17942124849139857,0.020359333047813795
61.0000000000006,0.7599999999999999,0.20000000000000004,0.7376531885807635,-0.052679607999970075,0.05018044938208693
61.0000000000006,2.75,0.2,0.8393713702725599,-0.06391354460667455,-0.03874697965847738
61.0000000000006,4.7799999999999985,0.2,0.9127304856936969,0.16191238673430425,0.05793209093418947
61.500000000000604,0.7599999999999999,0.20000000000000004,0.7378678270859775,-0.052003327230417666,0.05463314958728479
61.500000000000604,2.75,0.2,0.8372177693594938,-0.060049199801361114,-0.06118115096594348
61.500000000000604,4.7799999999999985,0.2,0.9189818016536043,0.14324496019428176,0.08461399686056892
62.00000000000061,0.7599999999999999,0.20000000000000004,0.7385878833670698,-0.05159424243997992,0.05746611903918799
62.00000000000061,2.75,0.2,0.8335729726964802,-0.05314223602676558,-0.07701875207579788
62.00000000000061,4.7799999999999985,0.2,0.9252858769472623,0.12725992707328426,0.09437650863751228
62.50000000000062,0.7599999999999999,0.20000000000000004,0.7396846933916256,-0.05153843061456179,0.05813335078062039
62.50000000000062,2.75,0.2,0.8286311517149043,-0.043778771913443676,-0.083381266213096
62.50000000000062,4.7799999999999985,0.2,0.9303054304849816,0.11629641569260321,0.08432878427711363
63.000000000000625,0.7599999999999999,0.20000000000000004,0.7409577157884276,-0.05186168955252065,0.056408946860377764
63.000000000000625,2.75,0.2,0.8229438865482896,-0.033216347638199535,-0.07891833502178817
63.000000000000625,4.7799999999999985,0.2,0.933599928099998,0.11067196188406288,0.05551906971733657
63.50000000000063,0.7599999999999999,0.20000000000000004,0.742163556447597,-0.052519772733813835,0.052443580307528506
63.50000000000063,2.75,0.2,0.817449949084747,-0.023312773457516686,-0.06399812826163634
63.50000000000063,4.7799999999999985,0.2,0.9354795584046013,0.10963417872514947,0.012446207625621264
64.00000000000064,0.7599999999999999,0.20000000000000004,0.7430530372207569,-0.053408217225737256,0.0467601418394377
64.00000000000064,2.75,0.2,0.8133503737340636,-0.016089029664172964,-0.04058444400438488
64.00000000000064,4.7799999999999985,0.2,0.9363242295859748,0.11308967403582446,-0.037914079368084136
64.50000000000061,0.7599999999999999,0.20000000000000004,0.7434568345511398,-0.05438518489662058,0.04019884448776529
64.50000000000061,2.75,0.2,0.8116911163996017,-0.013119490041110191,-0.011953832259202348
64.50000000000061,4.7799999999999985,0.2,0.935958523959876,0.12249905913351919,-0.08703667679005556
65.00000000000058,0.7599999999999999,0.20000000000000004,0.7432145633263735,-0.0552918885223003,0.033803800570062575
65.00000000000058,2.75,0.2,0.8130573833210228,-0.015096822743359817,0.017654933846593057
65.00000000000058,4.7799999999999985,0.2,0.9336455198528544,0.1399026552371463,-0.12625138915146433
65.50000000000055,0.7599999999999999,0.20000000000000004,0.7423663077888494,-0.05598969403611312,0.02866061049370616
65.50000000000055,2.75,0.2,0.8172533576469216,-0.0216747716594087,0.043509699424761863
65.50000000000055,4.7799999999999985,0.2,0.9285428989058804,0.16535489478600154,-0.1489699557796818
66.00000000000053,0.7599999999999999,0.20000000000000004,0.7409401090301729,-0.05635993382443908,0.025711305733633408
66.00000000000053,2.75,0.2,0.82332175320523,-0.03158222562195799,0.061041930315000166
66.00000000000053,4.7799999999999985,0.2,0.9207022427082787,0.19466409358469855,-0.15238986576531177
66.5000000000005,0.7599999999999999,0.20000000000000004,0.7391215247050882,-0.05632871034192129,0.025577414457610033
66.5000000000005,2.75,0.2,0.8298959874407769,-0.04293982219656685,0.06665346845575336
66.5000000000005,4.7799999999999985,0.2,0.9113489357909494,0.22031809621543735,-0.13684970783634193
67.00000000000047,0.7599999999999999,0.20000000000000004,0.7371211656757909,-0.05587018226830548,0.02842761743317309
67.00000000000047,2.75,0.2,0.8356346096788108,-0.05369973955160239,0.058528339872248175
67.00000000000047,4.7799999999999985,0.2,0.9026403299285126,0.2352344957539405,-0.10392509061047649
67.50000000000044,0.7599999999999999,0.20000000000000004,0.7352004199447978,-0.05502051418359426,0.03392674783809678
67.50000000000044,2.75,0.2,0.8396403232315844,-0.06213410019285033,0.03719858677326683
67.50000000000044,4.7799999999999985,0.2,0.8969947847424444,0.23577531184406939,-0.056107148947253056
68.00000000000041,0.7599999999999999,0.20000000000000004,0.7336203636748126,-0.05388352021003411,0.0412687987427579
68.00000000000041,2.75,0.2,0.8416225231213258,-0.06713617727281448,0.005636306571686507
68.00000000000041,4.7799999999999985,0.2,0.8963587584578045,0.22232667271645415,0.0017426296280962216
68.50000000000038,0.7599999999999999,0.20000000000000004,0.7326857706302589,-0.052633876890927175,0.04930662486783184
68.50000000000038,2.75,0.2,0.8416918612419667,-0.06815456389733236,-0.031192728798989034
68.50000000000038,4.7799999999999985,0.2,0.9010913093711553,0.1986749155865219,0.06122503548546931
69.00000000000036,0.7599999999999999,0.20000000000000004,0.7325192472477741,-0.05148128468352976,0.0567323319671772
69.00000000000036,2.75,0.2,0.8398334193164364,-0.06485780331857353,-0.0671662085602634
69.00000000000036,4.7799999999999985,0.2,0.9097668572341359,0.17100705803255078,0.11106821730591034
69.50000000000033,0.7599999999999999,0.20000000000000004,0.733152269077338,-0.05063932294143169,0.06228379710592627
69.50000000000033,2.75,0.2,0.8359757987348997,-0.057011011624288545,-0.0960492209388465
69.50000000000033,4.7799999999999985,0.2,0.9193913876494921,0.1463710820737768,0.13989560262659856
70.0000000000003,0.7599999999999999,0.20000000000000004,0.7345020260775438,-0.05028589405743117,0.06496259612638763
70.0000000000003,2.75,0.2,0.8299811151771,-0.04473034315853752,-0.11266482030727518
70.0000000000003,4.7799999999999985,0.2,0.9270454750734336,0.1299530545767304,0.14023797672296137
70.50000000000027,0.7599999999999999,0.20000000000000004,0.7362875820031621,-0.05050640291396747,0.06418169750029666
70.50000000000027,2.75,0.2,0.8221112041459713,-0.029166813122999992,-0.11394356300326657
70.50000000000027,4.7799999999999985,0.2,0.9315483641690757,0.12245757757294538,0.11127411150085628
71.00000000000024,0.7599999999999999,0.20000000000000004,0.7381290514314819,-0.051277718491311894,0.059883257305601
71.00000000000024,2.75,0.2,0.8134501110469079,-0.012899093090465295,-0.09943422739500496
71.00000000000024,4.7799999999999985,0.2,0.9336956546434917,0.1208099307701058,0.05811420968792741
71.50000000000021,0.7599999999999999,0.20000000000000004,0.7396633501640965,-0.052471970888357415,0.052582553156963106
71.50000000000021,2.75,0.2,0.8058031400551987,0.0006137608676334526,-0.07110086042848969
71.50000000000021,4.7799999999999985,0.2,0.9349596590154892,0.12241840573990084,-0.010565584252860468
72.00000000000018,0.7599999999999999,0.20000000000000004,0.7405212060849858,-0.05388482420966384,0.04332787421003489
72.00000000000018,2.75,0.2,0.8012438311729162,0.008253028423684767,-0.03282015641952927
72.00000000000018,4.7799999999999985,0.2,0.9359422285703989,0.12875685333520462,-0.08345514549339947
72.50000000000016,0.7599999999999999,0.20000000000000004,0.7405728106122308,-0.055287462396589444,0.033572453613800624
72.50000000000016,2.75,0.2,0.8011698851959578,0.00830794382309653,0.009999713377953159
72.50000000000016,4.7799999999999985,0.2,0.9354587278781639,0.1452024127886387,-0.1471386665437291
73.00000000000013,0.7599999999999999,0.20000000000000004,0.7396067412073467,-0.05644963820871038,0.02495939248540845
73.00000000000013,2.75,0.2,0.8058677342152001,0.0008086160448217087,0.05079983693972354
73.00000000000013,4.7799999999999985,0.2,0.9315323512990995,0.17647272731915534,-0.18940474381281325
73.5000000000001,0.7599999999999999,0.20000000000000004,0.7377962136866805,-0.05719989876772042,0.019045162328720684
73.5000000000001,2.75,0.2,0.8142234428380024,-0.012622072010581808,0.08258619861005825
73.5000000000001,4.7799999999999985,0.2,0.9228880267929249,0.2196699652037091,-0.2046008224882511
74.00000000000007,0.7599999999999999,0.20000000000000004,0.735294393230905,-0.057406860676502705,0.01700902654174721
74.00000000000007,2.75,0.2,0.8240188187494722,-0.029159460159776253,0.09908181803930034
74.00000000000007,4.7799999999999985,0.2,0.910500041186214,0.2625472133508803,-0.19420136016196055
74.50000000000004,0.7599999999999999,0.20000000000000004,0.7323983147984021,-0.0569994311122633,0.019406473373558154
74.50000000000004,2.75,0.2,0.8328540327310439,-0.04546371042000873,0.09612426766829485
74.50000000000004,4.7799999999999985,0.2,0.8971628597504933,0.29145203748158066,-0.1608852514017559
75.00000000000001,0.7599999999999999,0.20000000000000004,0.7294503143661885,-0.0559811397785723,0.02602829302787547
75.00000000000001,2.75,0.2,0.839049692231616,-0.058604464122722466,0.0729215457369293
75.00000000000001,4.7799999999999985,0.2,0.8865672153747319,0.2990362741502708,-0.10564954973836332
75.49999999999999,0.7599999999999999,0.20000000000000004,0.7268452929192374,-0.05445635682119377,0.035902940126758716
75.49999999999999,2.75,0.2,0.84219958696361,-0.06687152010512776,0.03257541054348026
75.49999999999999,4.7799999999999985,0.2,0.8823750909303827,0.2849166598912397,-0.031351738844911686
75.99999999999996,0.7599999999999999,0.20000000000000004,0.7250270254261458,-0.05264736128621338,0.047458449526579564
75.99999999999996,2.75,0.2,0.842860772852147,-0.0697831922388765,-0.018431568553138114
75.99999999999996,4.7799999999999985,0.2,0.8864687079799023,0.25379236635871394,0.05316233700812475
76.49999999999993,0.7599999999999999,0.20000000000000004,0.7243384588911971,-0.05086113551850829,0.05878925981639934
76.49999999999993,2.75,0.2,0.8413666958959656,-0.06717227567647167,-0.07146420907097145
76.49999999999993,4.7799999999999985,0.2,0.897740060520172,0.21438486020862194,0.1322945890952933
76.9999999999999,0.7599999999999999,0.20000000000000004,0.7248120188059128,-0.04942709297053153,0.06796066462064174
76.9999999999999,2.75,0.2,0.8376388434466979,-0.05847696008389506,-0.1171692441962973
76.9999999999999,4.7799999999999985,0.2,0.9117101142363807,0.17839102128076179,0.1870336730252622
77.49999999999987,0.7599999999999999,0.20000000000000004,0.7264773982827629,-0.04865874398282126,0.0733553603475408
77.49999999999987,2.75,0.2,0.8309844826654178,-0.04288726128024808,-0.14718686882744375
77.49999999999987,4.7799999999999985,0.2,0.9227665882745021,0.15635725407561427,0.2023994790853912
77.99999999999984,0.7599999999999999,0.20000000000000004,0.7289599329655786,-0.04873617202851748,0.07390362515555543
77.99999999999984,2.75,0.2,0.8210135035550394,-0.02089827640142192,-0.15607703107397214
77.99999999999984,4.7799999999999985,0.2,0.9282473693300461,0.15022742489553131,0.17499391146110424
78.49999999999982,0.7599999999999999,0.20000000000000004,0.7317102825374877,-0.0496698740849817,0.0692737046050711
78.49999999999982,2.75,0.2,0.8087032683143536,0.004075382207822218,-0.1425248134887632
78.49999999999982,4.7799999999999985,0.2,0.9296613951672492,0.1519563122296161,0.11204008319136678
78.99999999999979,0.7599999999999999,0.20000000000000004,0.7341209404453456,-0.0512874778251399,0.05996885795931865
78.99999999999979,2.75,0.2,0.7966251865819463,0.026205445605732253,-0.10883305463432294
78.99999999999979,4.7799999999999985,0.2,0.9303128646021728,0.1532934338359187,0.024384021620328353
79.49999999999976,0.7599999999999999,0.20000000000000004,0.7356406659295298,-0.0532857201383024,0.04731189597524565
79.49999999999976,2.75,0.2,0.788183042681517,0.03987892630832604,-0.05966015462116637
79.49999999999976,4.7799999999999985,0.2,0.9323348445677959,0.15479348485727062,-0.07476293348663843
79.99999999999973,0.7599999999999999,0.20000000000000004,0.7359885878192176,-0.05531959628685166,0.03330838965296998
79.99999999999973,2.75,0.2,0.7862104970794077,0.041962933158725395,-0.0015921277400617498
79.99999999999973,4.7799999999999985,0.2,0.9344326281172634,0.16659675941454166,-0.16685917395572128
80.4999999999997,0.7599999999999999,0.20000000000000004,0.7349316884224664,-0.0570517092503655,0.020355447998992488
80.4999999999997,2.75,0.2,0.7916382206254658,0.03233990796616606,0.056797002266116406
80.4999999999997,4.7799999999999985,0.2,0.9329885079607007,0.20157003710768717,-0.23110712013317852
80.99999999999967,0.7599999999999999,0.20000000000000004,0.7325742001311507,-0.05823258731664213,0.010828573192309931
80.99999999999967,2.75,0.2,0.8031656782979226,0.013370250878676833,0.10554333090559903
80.99999999999967,4.7799999999999985,0.2,0.9247912016672823,0.2602609476973774,-0.2571538351753831
81.49999999999964,0.7599999999999999,0.20000000000000004,0.7292361284469503,-0.05868394306471421,0.00663143119112755
81.49999999999964,2.75,0.2,0.8173104622967103,-0.010594581738386259,0.13489141054315387
81.49999999999964,4.7799999999999985,0.2,0.910269965338458,0.3225864652990955,-0.25058960772349537
81.99999999999962,0.7599999999999999,0.20000000000000004,0.7252527400426608,-0.05828567478280497,0.008784164681116351
81.99999999999962,2.75,0.2,0.8299533279708133,-0.03414280247145321,0.13757029624022474
81.99999999999962,4.7799999999999985,0.2,0.8929419518412577,0.3650474872368272,-0.2177521420663261
82.49999999999959,0.7599999999999999,0.20000000000000004,0.7211051571265361,-0.05700808546994433,0.017162756540862096
82.49999999999959,2.75,0.2,0.838305675402345,-0.05250748120609359,0.11120006973090651
82.49999999999959,4.7799999999999985,0.2,0.8776020430890005,0.37724437836895464,-0.15687123392883276
82.99999999999956,0.7599999999999999,0.20000000000000004,0.7173726854881189,-0.05496053291403253,0.030478510656199935
82.99999999999956,2.75,0.2,0.8419793165615246,-0.06341729937369288,0.05951036977749648
82.99999999999956,4.7799999999999985,0.2,0.8695876303115977,0.35956018793223166,-0.0667945738259077
83.49999999999953,0.7599999999999999,0.20000000000000004,0.7146044924988761,-0.05242842737228845,0.04650608035481811
83.49999999999953,2.75,0.2,0.8425057798105329,-0.0671648884517308,-0.00860321017713324
83.49999999999953,4.7799999999999985,0.2,0.8729872605543003,0.3182161607796627,0.04390918555958096
83.9999999999995,0.7599999999999999,0.20000000000000004,0.7134759193162854,-0.049866678262720406,0.06250118524769427
83.9999999999995,2.75,0.2,0.8411720369680796,-0.06441792692743131,-0.08116243630720614
83.9999999999995,4.7799999999999985,0.2,0.8872000962261359,0.2649378874146666,0.15443099690057077
84.49999999999947,0.7599999999999999,0.20000000000000004,0.7140677340299728,-0.047770489187959134,0.07567400751094953
84.49999999999947,2.75,0.2,0.837749573182708,-0.05414942279382969,-0.1449763243766806
84.49999999999947,4.7799999999999985,0.2,0.9058848499954186,0.21761526656987396,0.23555064578285467
84.99999999999945,0.7599999999999999,0.20000000000000004,0.7163858320455172,-0.0466141826488725,0.0836803006806766
84.99999999999945,2.75,0.2,0.8306502225686723,-0.033873214112909604,-0.18784759708284252
84.99999999999945,4.7799999999999985,0.2,0.919840750206717,0.1944929413759824,0.2624022902106954
85.49999999999942,0.7599999999999999,0.20000000000000004,0.7199537110992209,-0.04668942391307726,0.08497531710106665
85.49999999999942,2.75,0.2,0.8184491174014477,-0.002942345248223217,-0.20193846504976992
85.49999999999942,4.7799999999999985,0.2,0.9250097157444016,0.19690483795190095,0.23137936816606536
85.99999999999939,0.7599999999999999,0.20000000000000004,0.7239549580122133,-0.04801054688618208,0.07904759800164568
85.99999999999939,2.75,0.2,0.8020817362159484,0.03339077426954592,-0.18612031475012203
85.99999999999939,4.7799999999999985,0.2,0.9245836290861573,0.20601878241475266,0.15600547192506248
86.49999999999936,0.7599999999999999,0.20000000000000004,0.7274659428972022,-0.050303040961753434,0.06656618250729601
86.49999999999936,2.75,0.2,0.7853021263986834,0.06508957076119565,-0.14419478668421354
86.49999999999936,4.7799999999999985,0.2,0.9240726041562526,0.2063419823878721,0.04898272357864166
86.99999999999933,0.7599999999999999,0.20000000000000004,0.7296619576607326,-0.05308758908567484,0.049372832310879994
86.99999999999933,2.75,0.2,0.7732879474394574,0.08329802977362274,-0.08185756143849056
86.99999999999933,4.7799999999999985,0.2,0.9270080946009502,0.20028960718351213,-0.07627542094109824
87.4999999999993,0.7599999999999999,0.20000000000000004,0.730113822023953,-0.05584541263291633,0.030296794848782206
87.4999999999993,2.75,0.2,0.770505410956195,0.0841123599353339,-0.006798190441985095
87.4999999999993,4.7799999999999985,0.2,0.9319099885525508,0.20610234947471606,-0.19503578042132805
87.99999999999928,0.7599999999999999,0.20000000000000004,0.7287119732367398,-0.0581311543460894,0.012741121253732453
87.99999999999928,2.75,0.2,0.7783597825712927,0.06831022366151972,0.07001882435372506
87.99999999999928,4.7799999999999985,0.2,0.9329101571342617,0.24732169214228727,-0.27484526537819143
88.49999999999925,0.7599999999999999,0.20000000000000004,0.7255041067985349,-0.05962540230374376,5.899032920372995e-05
88.49999999999925,2.75,0.2,0.7947113818748373,0.03997884160865601,0.13492208689141122
88.49999999999925,4.7799999999999985,0.2,0.9250170416566761,0.3243955210127244,-0.3026177002634947
88.99999999999922,0.7599999999999999,0.20000000000000004,0.7210606573862606,-0.06013290695107762,-0.005127566439559935
88.99999999999922,2.75,0.2,0.8140324714757152,0.006004891677528949,0.17398759365715472
88.99999999999922,4.7799999999999985,0.2,0.9088480598068824,0.40182148677779117,-0.29465286603574486
89.49999999999919,0.7599999999999999,0.20000000000000004,0.7158568061788703,-0.059503483323323066,-0.0015285103899837494
89.49999999999919,2.75,0.2,0.8299484272291628,-0.025096805069648384,0.17676387997185627
89.49999999999919,4.7799999999999985,0.2,0.8887113956228243,0.4479877276551998,-0.26014571685631066
89.99999999999916,0.7599999999999999,0.20000000000000004,0.7105032162504026,-0.05768874404773297,0.010462860311589954
89.99999999999916,2.75,0.2,0.8387861198649004,-0.046584934529182345,0.14048273867786584
89.99999999999916,4.7799999999999985,0.2,0.8702411557119175,0.45520218909895027,-0.1908205874217975
90.49999999999913,0.7599999999999999,0.20000000000000004,0.7057852927917208,-0.05484455567667419,0.028801606525360145
90.49999999999913,2.75,0.2,0.8413018718423143,-0.057093212218901124,0.07164225641667801
90.49999999999913,4.7799999999999985,0.2,0.8604566620798884,0.42663638200757686,-0.08143035117373817
90.9999999999991,0.7599999999999999,0.20000000000000004,0.7024974456345503,-0.0514013259896097,0.0502148619397166
90.9999999999991,2.75,0.2,0.8408512284073721,-0.05938107960945286,-0.016777782159588587
90.9999999999991,4.7799999999999985,0.2,0.8653423159354443,0.37070718959335636,0.05721332428548765
91.49999999999908,0.7599999999999999,0.20000000000000004,0.7015147369891025,-0.04802859771626369,0.07086685080561221
91.49999999999908,2.75,0.2,0.8396211254671204,-0.05508151235051846,-0.10868826322869352
91.49999999999908,4.7799999999999985,0.2,0.8839683419064572,0.30375626621707563,0.19539282783479375
91.99999999999905,0.7599999999999999,0.20000000000000004,0.7029695792148437,-0.04543974154067897,0.08706242619616499
91.99999999999905,2.75,0.2,0.8365094831672394,-0.0413396819181536,-0.18660036840407382
91.99999999999905,4.7799999999999985,0.2,0.9063791745142464,0.25295895556009146,0.29014217628647804
92.49999999999902,0.7599999999999999,0.20000000000000004,0.7066694240190732,-0.044256179896649345,0.09587308383996497
92.49999999999902,2.75,0.2,0.8282791074345851,-0.01264010288367106,-0.23461022926116237
92.49999999999902,4.7799999999999985,0.2,0.920044750360776,0.24277565787253202,0.3098450125933465
92.99999999999899,0.7599999999999999,0.20000000000000004,0.7118675605776922,-0.04481174743932212,0.09557858671902775
92.99999999999899,2.75,0.2,0.8126604939017177,0.03157486732277357,-0.24454243920967078
92.99999999999899,4.7799999999999985,0.2,0.9224381757789595,0.26116953077581717,0.26234073001833547
93.49999999999896,0.7599999999999999,0.20000000000000004,0.7173339916205803,-0.04700109749953175,0.0858969913839922
93.49999999999896,2.75,0.2,0.7916462137087172,0.08032081595698244,-0.21859302796018165
93.49999999999896,4.7799999999999985,0.2,0.919811646378045,0.2731806564201681,0.16952363188528258
93.99999999999893,0.7599999999999999,0.20000000000000004,0.7217573190429304,-0.05031405100385181,0.06812552614638817
93.99999999999893,2.75,0.2,0.7711170871421804,0.11743691047599611,-0.16305770161173277
93.99999999999893,4.7799999999999985,0.2,0.9190234101294609,0.2648989212495694,0.040636956200146894
94.4999999999989,0.7599999999999999,0.20000000000000004,0.7241440549918948,-0.05400292621014387,0.04509418996339737
94.4999999999989,2.75,0.2,0.7581524418291814,0.13282343089451223,-0.08401962314487407
94.4999999999989,4.7799999999999985,0.2,0.9237894287153383,0.24880385891337115,-0.10961744646211127
94.99999999999888,0.7599999999999999,0.20000000000000004,0.7240678368246004,-0.057368625661653676,0.02084148204088182
94.99999999999888,2.75,0.2,0.7582013989435543,0.12459220285200089,0.009371550612786599
94.99999999999888,4.7799999999999985,0.2,0.9311118509051277,0.255759157912865,-0.24415303887865472
95.49999999999885,0.7599999999999999,0.20000000000000004,0.7216811148600139,-0.05992195929049143,-4.079037027048118e-05
95.49999999999885,2.75,0.2,0.7720008383685435,0.09612048721740653,0.10243581587562066
95.49999999999885,4.7799999999999985,0.2,0.9323099677722338,0.31659440485612195,-0.3187564929076917
95.99999999999882,0.7599999999999999,0.20000000000000004,0.7171934812035781,-0.06135255810814152,-0.013339133946623071
95.99999999999882,2.75,0.2,0.7949312047840362,0.05450740168762137,0.17672831754884982
95.99999999999882,4.7799999999999985,0.2,0.9225215238914289,0.4126089961794581,-0.3339612889865739
96.49999999999879,0.7599999999999999,0.20000000000000004,0.7113854685246901,-0.0614783059301721,-0.016155857097911123
96.49999999999879,2.75,0.2,0.8183506646895159,0.010636833711806739,0.21412630647690883
96.49999999999879,4.7799999999999985,0.2,0.904114162286152,0.4892010215182916,-0.3205756985490863
96.99999999999876,0.7599999999999999,0.20000000000000004,0.704936031744747,-0.06013761209412083,-0.007634110576159948
96.99999999999876,2.75,0.2,0.8341121436127675,-0.023365844828231293,0.20308619174971862
96.99999999999876,4.7799999999999985,0.2,0.8819713445170351,0.5224083648636949,-0.27800211505155087
97.49999999999874,0.7599999999999999,0.20000000000000004,0.6986588977424553,-0.057325265606510994,0.010770084991381932
97.49999999999874,2.75,0.2,0.8399246201099195,-0.04147537894518272,0.14482088267361043
97.49999999999874,4.7799999999999985,0.2,0.8627341938081257,0.5123496156817771,-0.1894238301347965
97.9999999999987,0.7599999999999999,0.20000000000000004,0.6935724723932666,-0.05336452215790108,0.035601596529387596
97.9999999999987,2.75,0.2,0.8396736337203407,-0.04731158576736801,0.052130261716184234
97.9999999999987,4.7799999999999985,0.2,0.8554901843548043,0.4644168179496342,-0.051075428828604656
98.49999999999868,0.7599999999999999,0.20000000000000004,0.6907502237251388,-0.04896476194230159,0.06218752173360389
98.49999999999868,2.75,0.2,0.8386165043315108,-0.04678468181584622,-0.057107687305818416
98.49999999999868,4.7799999999999985,0.2,0.8665710737047043,0.39104755514212486,0.11648147092098718
98.99999999999865,0.7599999999999999,0.20000000000000004,0.6910973670586302,-0.04508116234485118,0.08563685274281875
98.99999999999865,2.75,0.2,0.8380615041017512,-0.03953256982425837,-0.16257767316465083
98.99999999999865,4.7799999999999985,0.2,0.8911339971028767,0.31828497278243345,0.2669423888579403
99.49999999999862,0.7599999999999999,0.20000000000000004,0.6945392245372655,-0.04261364332643527,0.10170259648252111
99.49999999999862,2.75,0.2,0.8343329979332172,-0.01757676869035286,-0.24234443108265352
99.49999999999862,4.7799999999999985,0.2,0.9131900813610272,0.28574664887207174,0.3430680795565175
99.9999999999986,0.7599999999999999,0.20000000000000004,0.7004037189315503,-0.042205439901976234,0.10744620906535167
99.9999999999986,2.75,0.2,0.8223758349088115,0.02699597829995697,-0.2794299960509677
99.9999999999986,4.7799999999999985,0.2,0.9215004726514417,0.3045645404054096,0.32861709560874897
100.49999999999856,0.7599999999999999,0.20000000000000004,0.70742535716258,-0.04401795881971345,0.10163924611248105
100.49999999999856,2.75,0.2,0.8011731533014802,0.08743683211306953,-0.2715949256352605
100.49999999999856,4.7799999999999985,0.2,0.9197001309448477,0.3303577808666994,0.25544120389502556
100.99999999999854,0.7599999999999999,0.20000000000000004,0.7138903671100797,-0.047603352174727755,0.08493161623965749
100.99999999999854,2.75,0.2,0.7758778364746017,0.14179449808963873,-0.2270569050964938
100.99999999999854,4.7799999999999985,0.2,0.9160304150334591,0.32912785814993617,0.13873229576524715
101.49999999999851,0.7599999999999999,0.20000000000000004,0.7183115153648806,-0.052061238084360396,0.05992392406249873
101.49999999999851,2.75,0.2,0.7548747599516792,0.17199453594794115,-0.15201186442555806
101.49999999999851,4.7799999999999985,0.2,0.917146180088573,0.30499800048257303,-0.017780427519360507
101.99999999999848,0.7599999999999999,0.20000000000000004,0.7197109365300323,-0.05638767875111057,0.03095612274565803
101.99999999999848,2.75,0.2,0.7463539456013959,0.17276218678402958,-0.05258696514126034
101.99999999999848,4.7799999999999985,0.2,0.9251640682801608,0.2862217916130734,-0.1863025864231938
102.49999999999845,0.7599999999999999,0.20000000000000004,0.7181572763613098,-0.059868628086692084,0.0034940862788278436
102.49999999999845,2.75,0.2,0.7549108886270048,0.1467127698733432,0.057919561436922916
102.49999999999845,4.7799999999999985,0.2,0.9327479058924832,0.3176412709614874,-0.30832508640648715
102.99999999999842,0.7599999999999999,0.20000000000000004,0.7140603345805627,-0.062111187065538837,-0.016924397048584613
102.99999999999842,2.75,0.2,0.7780005771731918,0.10080711452991876,0.15896807052731513
102.99999999999842,4.7799999999999985,0.2,0.9299771731047366,0.41200774979282373,-0.3501009358543471
103.4999999999984,0.7599999999999999,0.20000000000000004,0.7079436318429175,-0.06289237348177273,-0.02593594475955114
103.4999999999984,2.75,0.2,0.8065341754552214,0.04676993393905303,0.22701102022050754
103.4999999999984,4.7799999999999985,0.2,0.915809934255986,0.5089424115215961,-0.34963467164687223
103.99999999999837,0.7599999999999999,0.20000000000000004,0.7007769550402144,-0.06202430701070538,-0.02143410829600131
103.99999999999837,2.75,0.2,0.828903125598661,0.0007697522012678709,0.2423085107354472
103.99999999999837,4.7799999999999985,0.2,0.8943900803190172,0.562868213193165,-0.3267983645430902
104.49999999999834,0.7599999999999999,0.20000000000000004,0.693416984306758,-0.05937808525574552,-0.004147870787406346
104.49999999999834,2.75,0.2,0.8387757381622374,-0.025194052835686657,0.1991281178998097
104.49999999999834,4.7799999999999985,0.2,0.8711798892977628,0.5696131812748659,-0.26100735333906977
104.99999999999831,0.7599999999999999,0.20000000000000004,0.6869725380938057,-0.05515263592286945,0.02250530310761391
104.99999999999831,2.75,0.2,0.8391512849001552,-0.0336000864028513,0.10900354044246638
104.99999999999831,4.7799999999999985,0.2,0.855259903041111,0.5324822142216619,-0.13584259189442324
105.49999999999828,0.7599999999999999,0.20000000000000004,0.6827477200047387,-0.050037226180853704,0.053269928012592505
105.49999999999828,2.75,0.2,0.8372893704908475,-0.03467863118194188,-0.008632998472802555
105.49999999999828,4.7799999999999985,0.2,0.8571925808103766,0.4603709376548242,0.03973596423979679
105.99999999999825,0.7599999999999999,0.20000000000000004,0.6818633216624975,-0.045120503214147095,0.08227884379444243
105.99999999999825,2.75,0.2,0.8374727394485928,-0.03181957541623395,-0.1321164288249605
105.99999999999825,4.7799999999999985,0.2,0.8789735512170859,0.3760308814318848,0.22384809187417515
106.49999999999822,0.7599999999999999,0.20000000000000004,0.6849533891775339,-0.0415832740050537,0.10421339165361208
106.49999999999822,2.75,0.2,0.837052650838494,-0.016785438735069665,-0.23623518834370677
106.49999999999822,4.7799999999999985,0.2,0.9059466710363864,0.32339458807477683,0.34684682268251676
106.9999999999982,0.7599999999999999,0.20000000000000004,0.691213102006627,-0.04030729223101915,0.1151181740299347
106.9999999999982,2.75,0.2,0.8290371976171151,0.024038584718810388,-0.2967234710181813
106.9999999999982,4.7799999999999985,0.2,0.9201945563247752,0.3353674123442022,0.364093665172326
107.49999999999817,0.7599999999999999,0.20000000000000004,0.6993215770200727,-0.04167692895614378,0.11293075661364997
107.49999999999817,2.75,0.2,0.8095492677379673,0.09044446904787676,-0.3050007692559924
107.49999999999817,4.7799999999999985,0.2,0.9208410861468661,0.3708515923183944,0.3076137086377768
107.99999999999814,0.7599999999999999,0.20000000000000004,0.7073889037259906,-0.04536305823036277,0.09774778714731176
107.99999999999814,2.75,0.2,0.7823523068279575,0.15782880180431352,-0.2705989660360046
107.99999999999814,4.7799999999999985,0.2,0.9161536628179581,0.3781572436010071,0.20492507438882723
108.49999999999811,0.7599999999999999,0.20000000000000004,0.713419709996332,-0.05038755811169157,0.07192498254289673
108.49999999999811,2.75,0.2,0.7563121983987302,0.2003167603038608,-0.20172065861208058
108.49999999999811,4.7799999999999985,0.2,0.9141985992848419,0.3531113520341005,0.05357528412763987
108.99999999999808,0.7599999999999999,0.20000000000000004,0.7162438453624292,-0.0555039601366906,0.039911042895670094
108.99999999999808,2.75,0.2,0.7412026733822332,0.20896703652772222,-0.10199859618765657
108.99999999999808,4.7799999999999985,0.2,0.9201020339910553,0.32060021630302765,-0.12963468672126333
109.49999999999805,0.7599999999999999,0.20000000000000004,0.715431345592351,-0.05972506185587505,0.007751671610311362
109.49999999999805,2.75,0.2,0.7442323989860238,0.18591252628186378,0.017703944271742513
109.49999999999805,4.7799999999999985,0.2,0.9303923470403734,0.32765327915347064,-0.28601849223637993
109.99999999999802,0.7599999999999999,0.20000000000000004,0.7116184644883856,-0.06258620339342613,-0.018048484851074423
109.99999999999802,2.75,0.2,0.7657810612402074,0.13793051639348874,0.13631366225086455
109.99999999999802,4.7799999999999985,0.2,0.9329726897805544,0.4104823592449084,-0.35439475720454394
110.499999999998,0.7599999999999999,0.20000000000000004,0.7055401140643793,-0.06386885710446488,-0.0319945223037318
110.499999999998,2.75,0.2,0.7970525648650622,0.0769223523492072,0.22698083754278842
110.499999999998,4.7799999999999985,0.2,0.9228671618067256,0.5177672563950815,-0.36278065563852446
110.99999999999797,0.7599999999999999,0.20000000000000004,0.6978871426628489,-0.06335814584728382,-0.030948697893935645
110.99999999999797,2.75,0.2,0.8243635560124415,0.021399516005793325,0.26391255445615036
110.99999999999797,4.7799999999999985,0.2,0.9034141787203732,0.5857638373484724,-0.35148605278139644
111.49999999999794,0.7599999999999999,0.20000000000000004,0.6897881475291462,-0.060870719215134345,-0.014973087864457457
111.49999999999794,2.75,0.2,0.8378613629715149,-0.011409898121036505,0.23480551419657686
111.49999999999794,4.7799999999999985,0.2,0.8791897650187861,0.6047405675199276,-0.30267935134850854
111.99999999999791,0.7599999999999999,0.20000000000000004,0.6823585950308892,-0.05649986492421879,0.012602317437215325
111.99999999999791,2.75,0.2,0.839071974833406,-0.021689270787621357,0.14929152661573966
111.99999999999791,4.7799999999999985,0.2,0.8585772752370019,0.5768673452724933,-0.19163906851137189
112.49999999999788,0.7599999999999999,0.20000000000000004,0.6771612398210106,-0.05091036514677791,0.04614373684873985
112.49999999999788,2.75,0.2,0.836559299081563,-0.023153559766699344,0.028233610763923923
112.49999999999788,4.7799999999999985,0.2,0.8535563244694986,0.5081934692639126,-0.01741277395268954
112.99999999999785,0.7599999999999999,0.20000000000000004,0.6754653949776351,-0.04526385499824879,0.0790483771063691
112.99999999999785,2.75,0.2,0.836533098648929,-0.02280737169098567,-0.1059302699100134
112.99999999999785,4.7799999999999985,0.2,0.8710989792060588,0.41879892244009753,0.1840684436977637
113.49999999999783,0.7599999999999999,0.20000000000000004,0.6780392438797112,-0.04092058269997801,0.10518768456952887
113.49999999999783,2.75,0.2,0.8379644390757146,-0.013014906354655941,-0.22649934191797233
113.49999999999783,4.7799999999999985,0.2,0.9001265492897986,0.3527313456187656,0.3390261302556711
113.9999999999978,0.7599999999999999,0.20000000000000004,0.6846224278325318,-0.0389944345042844,0.11987995788757592
113.9999999999978,2.75,0.2,0.8330747549049164,0.023413738464376336,-0.30432525492103635
113.9999999999978,4.7799999999999985,0.2,0.9187483247002443,0.3565747330534558,0.38161889254697645
114.49999999999777,0.7599999999999999,0.20000000000000004,0.6935034730313568,-0.0400121773647271,0.12046503704741716
114.49999999999777,2.75,0.2,0.8155320332642826,0.09221766485845358,-0.3249052545810694
114.49999999999777,4.7799999999999985,0.2,0.9218682994800019,0.3973825294002458,0.3372527536368146
114.99999999999774,0.7599999999999999,0.20000000000000004,0.7026652678878954,-0.0437342347185488,0.10658362376585724
114.99999999999774,2.75,0.2,0.787818411686283,0.16830433898784627,-0.2979960106502949
114.99999999999774,4.7799999999999985,0.2,0.9171964187300516,0.4113339169705192,0.24514352177587873
115.49999999999771,0.7599999999999999,0.20000000000000004,0.7099004653567375,-0.04915009273847323,0.08040545072236659
115.49999999999771,2.75,0.2,0.7589326660626119,0.21961525785408914,-0.23437493419683716
115.49999999999771,4.7799999999999985,0.2,0.9133509991454272,0.38742023148679816,0.10077709321485388
115.99999999999768,0.7599999999999999,0.20000000000000004,0.7137385353620421,-0.05484037699140459,0.04646364517112602
115.99999999999768,2.75,0.2,0.7395119101883749,0.23400965240757834,-0.13616571328171814
115.99999999999768,4.7799999999999985,0.2,0.9171808554083187,0.3481777656951847,-0.08739995998674313
116.49999999999766,0.7599999999999999,0.20000000000000004,0.7136011797701955,-0.05962299066066123,0.011182844624507977
116.49999999999766,2.75,0.2,0.7383569188455099,0.21331722764739297,-0.011921095557384262
116.49999999999766,4.7799999999999985,0.2,0.9279009657717663,0.3397412050798526,-0.26448185399036217
116.99999999999763,0.7599999999999999,0.20000000000000004,0.7099089414854809,-0.06290389766242926,-0.01830129682647942
116.99999999999763,2.75,0.2,0.7579225247420678,0.164315940750714,0.11743511789442082
116.99999999999763,4.7799999999999985,0.2,0.9338435753393157,0.41091380444058545,-0.35378082240330744
117.4999999999976,0.7599999999999999,0.20000000000000004,0.7038294568230102,-0.0645182783584996,-0.03569003116138981
117.4999999999976,2.75,0.2,0.7905664759885475,0.09880662690538967,0.22310477413746382
117.4999999999976,4.7799999999999985,0.2,0.9267256190188617,0.5223343582764226,-0.3688670658185147
117.99999999999757,0.7599999999999999,0.20000000000000004,0.6960034046662045,-0.06425354834448209,-0.037118619508522806
117.99999999999757,2.75,0.2,0.8211164865615774,0.03663198651240476,0.27531573785631736
117.99999999999757,4.7799999999999985,0.2,0.9090466690011649,0.5989301183781647,-0.3638136490227034
118.49999999999754,0.7599999999999999,0.20000000000000004,0.6873752496280857,-0.061870501564355515,-0.022166369962546513
118.49999999999754,2.75,0.2,0.8372816189586887,-0.0012454585345438966,0.2567636617061487
118.49999999999754,4.7799999999999985,0.2,0.8849344570306223,0.6257090990498888,-0.32574075198513164
118.99999999999751,0.7599999999999999,0.20000000000000004,0.6793289753926172,-0.057406101973171246,0.005938896684652797
118.99999999999751,2.75,0.2,0.8392292125369072,-0.012758957704640982,0.175260091759427
118.99999999999751,4.7799999999999985,0.2,0.8619440048186912,0.6042726555624919,-0.22523809449579055
119.49999999999748,0.7599999999999999,0.20000000000000004,0.6734522364536633,-0.051497092022550255,0.04127550333226909
119.49999999999748,2.75,0.2,0.8362286422802978,-0.014098323612381586,0.05285685182724823
119.49999999999748,4.7799999999999985,0.2,0.8526490666206048,0.5386511717497544,-0.054421137007214085
119.99999999999746,0.7599999999999999,0.20000000000000004,0.6712511769293691,-0.04537117127799518,0.07674622979013765
119.99999999999746,2.75,0.2,0.8359120454351591,-0.01514268657017793,-0.0874700953291618
119.99999999999746,4.7799999999999985,0.2,0.8666692360818788,0.44711509037710706,0.1556985549610269
120.49999999999743,0.7599999999999999,0.20000000000000004,0.6735123631767901,-0.04048470838198669,0.105657984290165
120.49999999999743,2.75,0.2,0.8381876664300648,-0.008810912263783251,-0.21837754266148532
120.49999999999743,4.7799999999999985,0.2,0.896155992369396,0.37318288638576014,0.33022663636386407
120.9999999999974,0.7599999999999999,0.20000000000000004,0.6801996866074108,-0.03810957157105513,0.12283688645126986
120.9999999999974,2.75,0.2,0.8353723178378246,0.024187582744008305,-0.30771649620553704
120.9999999999974,4.7799999999999985,0.2,0.9176347855420248,0.3709061633777762,0.3901541279236327
121.49999999999737,0.7599999999999999,0.20000000000000004,0.6896934182943752,-0.03890090711368132,0.12524638984745157
121.49999999999737,2.75,0.2,0.8193511116824771,0.0938682910416512,-0.3366055063944286
121.49999999999737,4.7799999999999985,0.2,0.9225256316362199,0.4144101345062582,0.3537026568154035
121.99999999999734,0.7599999999999999,0.20000000000000004,0.6995611909893446,-0.04265127493702461,0.11223533066051355
121.99999999999734,2.75,0.2,0.7915918453002293,0.17539499977527423,-0.31453878463801105
121.99999999999734,4.7799999999999985,0.2,0.9181830071588161,0.4326105878163926,0.2683527093672544
122.49999999999731,0.7599999999999999,0.20000000000000004,0.7075981251830473,-0.04833758021006601,0.08585178586613543
122.49999999999731,2.75,0.2,0.7611312013149765,0.23239370389528344,-0.25446947515108265
122.49999999999731,4.7799999999999985,0.2,0.9132634215623517,0.40981704063271585,0.12935377627733458
122.99999999999729,0.7599999999999999,0.20000000000000004,0.712082840236376,-0.05441651129447739,0.05067507129353164
122.99999999999729,2.75,0.2,0.7391003005444162,0.2504372117022768,-0.1577198187274127
122.99999999999729,4.7799999999999985,0.2,0.9156604457441722,0.3671686435727052,-0.060267154832375415
123.49999999999726,0.7599999999999999,0.20000000000000004,0.7123760482996272,-0.059576321185420965,0.013395531520695534
123.49999999999726,2.75,0.2,0.7353074317310828,0.2311821189939934,-0.031135981001849722
123.49999999999726,4.7799999999999985,0.2,0.9262417403602854,0.34979523326842354,-0.24897528250774736
123.99999999999723,0.7599999999999999,0.20000000000000004,0.7088690073401415,-0.06313961031220729,-0.018427741490938638
123.99999999999723,2.75,0.2,0.7533375295710506,0.1815177225007138,0.10461953523560372
123.99999999999723,4.7799999999999985,0.2,0.9339020078759483,0.41275018255214213,-0.3520930601900919
124.4999999999972,0.7599999999999999,0.20000000000000004,0.7026415372235556,-0.06493928409612472,-0.037995850188658184
124.4999999999972,2.75,0.2,0.7865823814917586,0.11315702006729941,0.21958954641537817
124.4999999999972,4.7799999999999985,0.2,0.9288191767456826,0.5255214290022329,-0.37186388385076263
124.99999999999717,0.7599999999999999,0.20000000000000004,0.694749623101108,-0.06482262512112422,-0.04097033613769415
124.99999999999717,2.75,0.2,0.8191707231507099,0.046684530727449845,0.28150363840982634
124.99999999999717,4.7799999999999985,0.2,0.9123560265953256,0.6069379346470943,-0.3701447931642857
125.49999999999714,0.7599999999999999,0.20000000000000004,0.685843206529872,-0.062496973344514005,-0.026626871012206264
125.49999999999714,2.75,0.2,0.837025234018147,0.0055388251822572196,0.2697475430558016
125.49999999999714,4.7799999999999985,0.2,0.8885671548240559,0.6382331876944292,-0.33829590717459
125.99999999999712,0.7599999999999999,0.20000000000000004,0.6773537060818294,-0.05795519627346319,0.0018491284960782013
125.99999999999712,2.75,0.2,0.8394028742609599,-0.006645073384199878,0.19084329962853555
125.99999999999712,4.7799999999999985,0.2,0.8643785304644829,0.6206886766326999,-0.2444003510777729
126.49999999999709,0.7599999999999999,0.20000000000000004,0.6710799287999193,-0.051830897604356344,0.0383502461157174
126.49999999999709,2.75,0.2,0.8360838027742692,-0.0077337794212655915,0.06774796214735423
126.49999999999709,4.7799999999999985,0.2,0.8525976372948538,0.5570566158936259,-0.07627527537653478
126.99999999999706,0.7599999999999999,0.20000000000000004,0.668551724959428,-0.045396048590125686,0.07543879935691059
126.99999999999706,2.75,0.2,0.8355601928234573,-0.009559196454408028,-0.07618836150815717
126.99999999999706,4.7799999999999985,0.2,0.864421942647993,0.46448149571680014,0.1383446179348963
127.49999999999703,0.7599999999999999,0.20000000000000004,0.6707046123211882,-0.040181559119790454,0.10606236457617312
127.49999999999703,2.75,0.2,0.8383097346058785,-0.005353745303009162,-0.21329770865370914
127.49999999999703,4.7799999999999985,0.2,0.8938237924648869,0.38625703446867626,0.3241382965949874
127.999999999997,0.7599999999999999,0.20000000000000004,0.6774471192409456,-0.03753097101710192,0.12473147400746853
127.999999999997,2.75,0.2,0.8366207072466308,0.025509765371856216,-0.30964309300406784
127.999999999997,4.7799999999999985,0.2,0.91693538742705,0.3803729959226923,0.3944641240197052
128.499999999997,0.7599999999999999,0.20000000000000004,0.6873202594942114,-0.03819678136208817,0.12819333534983182
128.499999999997,2.75,0.2,0.8216286243589677,0.09566449921084472,-0.34351976573444537
128.499999999997,4.7799999999999985,0.2,0.9229841226318403,0.42529019186507705,0.3626367716059656
128.99999999999696,0.7599999999999999,0.20000000000000004,0.6977009122429486,-0.041994774527336916,0.1156512378970403
128.99999999999696,2.75,0.2,0.793886394789082,0.1804771708597034,-0.32422374218292194
128.99999999999696,4.7799999999999985,0.2,0.918882832040079,0.4458329463055716,0.28118142711245114
129.49999999999693,0.7599999999999999,0.20000000000000004,0.7061863806021247,-0.04786193187642971,0.08906047453884502
129.49999999999693,2.75,0.2,0.7625515103360432,0.2408030887184618,-0.2662005502492035
129.49999999999693,4.7799999999999985,0.2,0.9133972888276993,0.4236264706048808,0.1454443323979914
129.9999999999969,0.7599999999999999,0.20000000000000004,0.7110664686101269,-0.05419357283894669,0.053070796372825836
129.9999999999969,2.75,0.2,0.739004518961195,0.2608447628198583,-0.17031485653135076
129.9999999999969,4.7799999999999985,0.2,0.9148831475180814,0.37912377175014894,-0.04471369659316882
130.49999999999687,0.7599999999999999,0.20000000000000004,0.7115916305186067,-0.0595838871651787,0.014541815624310768
130.49999999999687,2.75,0.2,0.733691674504718,0.2422366587703208,-0.042331725646770624
130.49999999999687,4.7799999999999985,0.2,0.9253089336159892,0.3569026804705171,-0.2397731534755399
130.99999999999685,0.7599999999999999,0.20000000000000004,0.7081764648679534,-0.06331725963924216,-0.018684352752311065
130.99999999999685,2.75,0.2,0.7508842183707509,0.19196265505998245,0.09722554839773041
130.99999999999685,4.7799999999999985,0.2,0.9338467084115938,0.41512455888262473,-0.35087752159641233
131.49999999999682,0.7599999999999999,0.20000000000000004,0.701901601728414,-0.06521946799740706,-0.03950870975667653
131.49999999999682,2.75,0.2,0.7844191465885346,0.12176032212303951,0.21766414624890967
131.49999999999682,4.7799999999999985,0.2,0.9299165008519747,0.5283162583672735,-0.373447563802013
131.9999999999968,0.7599999999999999,0.20000000000000004,0.6938905261403303,-0.06516991250999132,-0.04331528481814847
131.9999999999968,2.75,0.2,0.8181923194134023,0.05268585292008662,0.28518323448696375
131.9999999999968,4.7799999999999985,0.2,0.9142012278827172,0.612160862994731,-0.37350552347291055
132.49999999999676,0.7599999999999999,0.20000000000000004,0.6848232954237032,-0.06286086595320443,-0.029227594170589347
132.49999999999676,2.75,0.2,0.8369720794571249,0.00970689013741489,0.2771852372213856
132.49999999999676,4.7799999999999985,0.2,0.8906033180832738,0.6457778710392302,-0.34501452897889373
132.99999999999673,0.7599999999999999,0.20000000000000004,0.6760780950689809,-0.05825266409761369,-0.000421249132428334
132.99999999999673,2.75,0.2,0.8395571201429046,-0.0026946447719356417,0.19954043370673957
132.99999999999673,4.7799999999999985,0.2,0.8658464823885132,0.6302594043525886,-0.25469140419687886
133.4999999999967,0.7599999999999999,0.20000000000000004,0.6695581175492749,-0.05198261310211615,0.03684445076498379
133.4999999999967,2.75,0.2,0.8360069024517416,-0.0035496992683779257,0.07584858720251535
133.4999999999967,4.7799999999999985,0.2,0.8527333008303034,0.567604909958153,-0.08794660943025254
133.99999999999667,0.7599999999999999,0.20000000000000004,0.6668687551646099,-0.045354920607124274,0.07491905298418161
133.99999999999667,2.75,0.2,0.8353856481462324,-0.005839611649185714,-0.07029106187570722
133.99999999999667,4.7799999999999985,0.2,0.8634008528789763,0.47438426357161667,0.1292782026748893
134.49999999999665,0.7599999999999999,0.20000000000000004,0.6690418917772376,-0.0399548118547677,0.10652823994080028
134.49999999999665,2.75,0.2,0.8384157135190713,-0.002852905652899475,-0.21099364752874006
134.49999999999665,4.7799999999999985,0.2,0.8926775740744007,0.3940191304637757,0.3211788461153191
134.99999999999662,0.7599999999999999,0.20000000000000004,0.6758331818581083,-0.03715848530095166,0.12600235063301735
134.99999999999662,2.75,0.2,0.837312616177813,0.026938089928853017,-0.3112209497960139
134.99999999999662,4.7799999999999985,0.2,0.9166239680412662,0.3865780292678116,0.3968584788061492
135.4999999999966,0.7599999999999999,0.20000000000000004,0.6859517595291692,-0.037773346912390926,0.12997229904159646
135.4999999999966,2.75,0.2,0.8228425615394392,0.09759816455944345,-0.34768503944369666
135.4999999999966,4.7799999999999985,0.2,0.9232788610614857,0.43234883972059085,0.3673113376660356
135.99999999999656,0.7599999999999999,0.20000000000000004,0.696647317667292,-0.04162763598524887,0.1175795667865161
135.99999999999656,2.75,0.2,0.7950818836568768,0.18435489275578198,-0.32971697950562534
135.99999999999656,4.7799999999999985,0.2,0.9193003592157495,0.45392777695353675,0.28784515809276906
136.49999999999653,0.7599999999999999,0.20000000000000004,0.7053966302201328,-0.04762547366625209,0.0907552267123764
136.49999999999653,2.75,0.2,0.7632405188922355,0.24640104466336538,-0.27265017856120044
136.49999999999653,4.7799999999999985,0.2,0.9135216476936578,0.43178746252910527,0.1536731846663863
136.9999999999965,0.7599999999999999,0.20000000000000004,0.7104832680835599,-0.0541110263358134,0.054200058577854066
136.9999999999965,2.75,0.2,0.7389085039839028,0.2673006477658327,-0.17702600742010385
136.9999999999965,4.7799999999999985,0.2,0.9145052153497737,0.3861786048078041,-0.03699248554570701
137.49999999999648,0.7599999999999999,0.20000000000000004,0.7110997552663296,-0.05963191693057781,0.014911471338578479
137.49999999999648,2.75,0.2,0.732839560132025,0.2487665263015626,-0.048030487451035574
137.49999999999648,4.7799999999999985,0.2,0.9248550037971275,0.3615550114309998,-0.23543625878985208
137.99999999999645,0.7599999999999999,0.20000000000000004,0.7077240334707716,-0.06345488704061672,-0.019097085787727182
137.99999999999645,2.75,0.2,0.749694109113909,0.19786908680488124,0.09379907117383109
137.99999999999645,4.7799999999999985,0.2,0.9338184691554514,0.4176265372405662,-0.3504750699928749
138.49999999999642,0.7599999999999999,0.20000000000000004,0.7013822152088499,-0.0654048038504908,-0.040550677905727396
138.49999999999642,2.75,0.2,0.78345137875153,0.12643210106172817,0.21725784966508815
138.49999999999642,4.7799999999999985,0.2,0.9304527321446805,0.5310168902862156,-0.37437128133051956
138.9999999999964,0.7599999999999999,0.20000000000000004,0.6932718533802422,-0.06537375626872202,-0.044700221111203364
138.9999999999964,2.75,0.2,0.8178674589604956,0.05587871238725428,0.2876204969052028
138.9999999999964,4.7799999999999985,0.2,0.9151386725361077,0.6158346813969057,-0.3753448028877801
139.49999999999636,0.7599999999999999,0.20000000000000004,0.6841339159368567,-0.06305552264180407,-0.030606940126746435
139.49999999999636,2.75,0.2,0.8370723762665655,0.012072845448671956,0.2812465607007504
139.49999999999636,4.7799999999999985,0.2,0.8916430754553832,0.6503953000603582,-0.3484436616030169
139.99999999999633,0.7599999999999999,0.20000000000000004,0.6752325403446917,-0.05838355111845094,-0.0014872928972105952
139.99999999999633,2.75,0.2,0.8396450867654822,-0.00023344872944304831,0.20385022518756912
139.99999999999633,4.7799999999999985,0.2,0.8665873181588414,0.6356624887042946,-0.2596419801479017
140.4999999999963,0.7599999999999999,0.20000000000000004,0.6685953437718853,-0.05201109826828206,0.036294421426820295
140.4999999999963,2.75,0.2,0.8359546627182431,-0.0009127153677940605,0.07950284806852058
140.4999999999963,4.7799999999999985,0.2,0.8528488471731797,0.5732342629480696,-0.09315056401175636
140.99999999999628,0.7599999999999999,0.20000000000000004,0.6658503729263098,-0.04526807576039158,0.07494396046104834
140.99999999999628,2.75,0.2,0.835293262688582,-0.003497809213595887,-0.06804901632980334
140.99999999999628,4.7799999999999985,0.2,0.8630165854566751,0.47951099477898196,0.1257816834431148
141.49999999999625,0.7599999999999999,0.20000000000000004,0.6680458258096018,-0.0397708788697673,0.1070630301287241
141.49999999999625,2.75,0.2,0.838523920191921,-0.001134287806770105,-0.21072298074586943
141.49999999999625,4.7799999999999985,0.2,0.8923102044022213,0.3982861497071727,0.32064308872462693
141.99999999999622,0.7599999999999999,0.20000000000000004,0.6749625957380953,-0.036919700065265404,0.1268923998164513
141.99999999999622,2.75,0.2,0.8376825880518688,0.02833800222644319,-0.3127913365963873
141.99999999999622,4.7799999999999985,0.2,0.9165678310048588,0.39069226097100374,0.398322242081226
142.4999999999962,0.7599999999999999,0.20000000000000004,0.6852130327344135,-0.03753526781921904,0.13101303290187472
142.4999999999962,2.75,0.2,0.8233805174140238,0.09962915291445537,-0.35023176748731727
142.4999999999962,4.7799999999999985,0.2,0.9234792467975006,0.43704708243656976,0.36951359166252723
142.99999999999616,0.7599999999999999,0.20000000000000004,0.6961299981443836,-0.04145344226489749,0.11855883368712662
142.99999999999616,2.75,0.2,0.7955352884566981,0.1874979565591962,-0.33265136143762514
142.99999999999616,4.7799999999999985,0.2,0.919538594720644,0.4588220956559552,0.2908213324810953
143.49999999999613,0.7599999999999999,0.20000000000000004,0.7050001349195432,-0.04754197639760092,0.09147111771383125
143.49999999999613,2.75,0.2,0.7634040516996237,0.25022682650599715,-0.27581617859641666
143.49999999999613,4.7799999999999985,0.2,0.9135868689329284,0.4363708728638006,0.15704227757846953
143.9999999999961,0.7599999999999999,0.20000000000000004,0.7101594728881382,-0.05412074009561344,0.054510498455495
143.9999999999961,2.75,0.2,0.7387207079777632,0.27123932128797795,-0.1800013213884831
143.9999999999961,4.7799999999999985,0.2,0.9143656033588825,0.39004571779102426,-0.034295784559704424
144.49999999999608,0.7599999999999999,0.20000000000000004,0.7107971013973892,-0.059708765984547295,0.01477089951631334
144.49999999999608,2.75,0.2,0.7323947925395999,0.252394152817338,-0.050163065826378084
144.49999999999608,4.7799999999999985,0.2,0.9247132757176355,0.36448822378656276,-0.23440254352267187
144.99999999999605,0.7599999999999999,0.20000000000000004,0.7073995912347002,-0.0635683709050296,-0.019625304955251763
144.99999999999605,2.75,0.2,0.7492789401074988,0.20084757757637217,0.09302155975728899
144.99999999999605,4.7799999999999985,0.2,0.933845747625571,0.4201289580250096,-0.3507395486541268
145.49999999999602,0.7599999999999999,0.20000000000000004,0.7010155428155112,-0.06552937685320778,-0.04131205965163987
145.49999999999602,2.75,0.2,0.7832453569892501,0.12854589307950584,0.21796698623876481
145.49999999999602,4.7799999999999985,0.2,0.9306681855807474,0.5336957558225042,-0.37495362757087297
145.999999999996,0.7599999999999999,0.20000000000000004,0.6928097847730388,-0.06548573908580319,-0.04548940124041431
145.999999999996,2.75,0.2,0.8179481278756302,0.0572372343356077,0.2894000873677012
145.999999999996,4.7799999999999985,0.2,0.9155147280369911,0.6186077932001768,-0.37634526137929813
146.49999999999596,0.7599999999999999,0.20000000000000004,0.6836246947838264,-0.06313717143799086,-0.031227075147732035
146.49999999999596,2.75,0.2,0.8372343795243355,0.013269278446567006,0.2832480079633838
146.49999999999596,4.7799999999999985,0.2,0.8920163517868497,0.6532569226425066,-0.34996365288589215
146.99999999999594,0.7599999999999999,0.20000000000000004,0.674667331390972,-0.058408017821290764,-0.0017953632096910617
146.99999999999594,2.75,0.2,0.8396843287948784,0.0012534245708610541,0.20543140863650555
146.99999999999594,4.7799999999999985,0.2,0.8668410791261323,0.6385209053122309,-0.2613639807120845
147.4999999999959,0.7599999999999999,0.20000000000000004,0.6679630603101538,-0.05196164549212617,0.03634628892045182
147.4999999999959,2.75,0.2,0.8359037857365943,0.0006980699497195625,0.08035992012683907
147.4999999999959,4.7799999999999985,0.2,0.8529038342687694,0.5758188791842844,-0.09433520656660947
147.99999999999588,0.7599999999999999,0.20000000000000004,0.6652348731205692,-0.0451526570715679,0.07531630642899831
147.99999999999588,2.75,0.2,0.8352685407091399,-0.0020861756217110256,-0.06814276548723947
147.99999999999588,4.7799999999999985,0.2,0.863014226300381,0.48164929730064426,0.1258344994621108
148.49999999999585,0.7599999999999999,0.20000000000000004,0.6675000985341563,-0.039616421833888915,0.10764880607969589
148.49999999999585,2.75,0.2,0.8386127216783242,3.329747947367241e-05,-0.2117930076594371
148.49999999999585,4.7799999999999985,0.2,0.8923964008487032,0.40035281456223126,0.3217278991989694
148.99999999999582,0.7599999999999999,0.20000000000000004,0.6745260831429564,-0.036764010516246115,0.1275540371864929
148.99999999999582,2.75,0.2,0.8378596929087423,0.02968518218070412,-0.31441308141028756
148.99999999999582,4.7799999999999985,0.2,0.9167110876179343,0.3935028027560421,0.39929435719993034
149.4999999999958,0.7599999999999999,0.20000000000000004,0.6848916731377991,-0.03741367810941373,0.1316007804484155
149.4999999999958,2.75,0.2,0.8234919713536498,0.10171150211264908,-0.3518138516730766
149.4999999999958,4.7799999999999985,0.2,0.9236083146527991,0.44029156225551025,0.37026152299268533
149.99999999999577,0.7599999999999999,0.20000000000000004,0.6959178607060141,-0.041397285940717114,0.11894819826853993
149.99999999999577,2.75,0.2,0.795510939213349,0.19018376604561305,-0.3340385855128365
149.99999999999577,4.7799999999999985,0.2,0.919610467074689,0.46173985145722873,0.29159790185874995
150.49999999999574,0.7599999999999999,0.20000000000000004,0.7048469779301861,-0.04755754431366661,0.09157799138689265
150.49999999999574,2.75,0.2,0.7632117064331259,0.25294588390574035,-0.27698194025907835
150.49999999999574,4.7799999999999985,0.2,0.9135922444056757,0.4387348879613676,0.15745148073589485
150.9999999999957,0.7599999999999999,0.20000000000000004,0.7099922028744505,-0.054188906659644265,0.05430895550320638
150.9999999999957,2.75,0.2,0.7384541696274491,0.2736114881553195,-0.1806751905333134
150.9999999999957,4.7799999999999985,0.2,0.9143470754685081,0.39191952485452597,-0.03470822900046514
151.49999999999568,0.7599999999999999,0.20000000000000004,0.7105992933019529,-0.05980240525588094,0.014307152657249349
151.49999999999568,2.75,0.2,0.7321917413461161,0.2542190543037767,-0.05007735101399118
151.49999999999568,4.7799999999999985,0.2,0.9247526665148706,0.3663222847597281,-0.23545417299154447
151.99999999999565,0.7599999999999999,0.20000000000000004,0.7071568130145953,-0.06366536242685636,-0.020229710876840466
151.99999999999565,2.75,0.2,0.7493028981911385,0.20200925643973347,0.09391173724146401
151.99999999999565,4.7799999999999985,0.2,0.9338992127156935,0.42260686349249116,-0.351450467398124
152.49999999999562,0.7599999999999999,0.20000000000000004,0.7007256435722182,-0.065614961852898,-0.04189942852313723
152.49999999999562,2.75,0.2,0.7834971349042288,0.12907304069801734,0.21940234505328982
152.49999999999562,4.7799999999999985,0.2,0.9306999157832496,0.5363519372382606,-0.3753571742740144
152.9999999999956,0.7599999999999999,0.20000000000000004,0.6924592727317921,-0.06554395924738912,-0.045909816073323846
152.9999999999956,2.75,0.2,0.8182875795461468,0.057462662553634705,0.29080032015895907
152.9999999999956,4.7799999999999985,0.2,0.9155536491228631,0.6208357783814339,-0.37687432622497263
153.49999999999557,0.7599999999999999,0.20000000000000004,0.6832503287805971,-0.063152915294094,-0.03137216700085085
153.49999999999557,2.75,0.2,0.8374440944729138,0.013747911850919496,0.2840030667877448
153.49999999999557,4.7799999999999985,0.2,0.8920259429212521,0.6550628795944144,-0.35035327794066684
153.99999999999554,0.7599999999999999,0.20000000000000004,0.6742341179304198,-0.05836495324739153,-0.0016367119029180488
153.99999999999554,2.75,0.2,0.8396843548481225,0.0021393085518175425,0.2053459624290288
153.99999999999554,4.7799999999999985,0.2,0.8667713157373697,0.6398398738735402,-0.26114424567855365
154.4999999999955,0.7599999999999999,0.20000000000000004,0.667531649188889,-0.05186232740490852,0.03676763260941863
154.4999999999955,2.75,0.2,0.8358357032563386,0.0016671706762038004,0.07949894796346887
154.4999999999955,4.7799999999999985,0.2,0.8529052258805043,0.5765507676643689,-0.09307014601972534
154.99999999999548,0.7599999999999999,0.20000000000000004,0.664859303478045,-0.045018540817342384,0.07589899013363681
154.99999999999548,2.75,0.2,0.8352689005755707,-0.0012640001429737868,-0.0696783466641617
154.99999999999548,4.7799999999999985,0.2,0.8632405379184651,0.4819715557367773,0.1280638292051241
155.49999999999545,0.7599999999999999,0.20000000000000004,0.6672223377651496,-0.03948004700569039,0.10826174032070902
155.49999999999545,2.75,0.2,0.8387251009561764,0.0008502257803733454,-0.21369197939549311
155.49999999999545,4.7799999999999985,0.2,0.892766068821947,0.4010952438351808,0.32380668865688794
155.99999999999542,0.7599999999999999,0.20000000000000004,0.6743748339511877,-0.03665997543907882,0.1280685751526453
155.99999999999542,2.75,0.2,0.8379026743195019,0.031002470217038197,-0.31607350354263064
155.99999999999542,4.7799999999999985,0.2,0.9169319443268162,0.39553170344316413,0.3999650484840396
156.4999999999954,0.7599999999999999,0.20000000000000004,0.684802535815794,-0.03736521760669516,0.13190894681872448
156.4999999999954,2.75,0.2,0.8233412890762425,0.10383072203176281,-0.3528092615759032
156.4999999999954,4.7799999999999985,0.2,0.9236876754240917,0.44264984358964204,0.3701440097638232
156.99999999999537,0.7599999999999999,0.20000000000000004,0.6958697563289854,-0.04141783891897329,0.11898257044055856
156.99999999999537,2.75,0.2,0.7951833977704377,0.19258717756063984,-0.33448558422512803
156.99999999999537,4.7799999999999985,0.2,0.9195730945153282,0.46345187440747304,0.2910544515705443
157.49999999999534,0.7599999999999999,0.20000000000000004,0.7048220158926892,-0.047633298193549826,0.09131347413612158
157.49999999999534,2.75,0.2,0.7628151082512471,0.25498082694964297,-0.27692851542379765
157.49999999999534,4.7799999999999985,0.2,0.9135534870816567,0.4397486139447525,0.15606718307753523
157.9999999999953,0.7599999999999999,0.20000000000000004,0.7099232598301816,-0.054291908446108754,0.05379508009604104
157.9999999999953,2.75,0.2,0.7381344608439717,0.27502093578095377,-0.17994489199288097
157.9999999999953,4.7799999999999985,0.2,0.9144023622697134,0.39258480656309136,-0.037011186910871546
158.49999999999528,0.7599999999999999,0.20000000000000004,0.7104654321464631,-0.05990638023091436,0.013654177393042484
158.49999999999528,2.75,0.2,0.7321360243267023,0.2549396237668693,-0.048637560501237714
158.49999999999528,4.7799999999999985,0.2,0.9248983248482003,0.36750147074112005,-0.23776279109825738
158.99999999999525,0.7599999999999999,0.20000000000000004,0.7069569686748692,-0.06375109593714615,-0.020874770212054795
158.99999999999525,2.75,0.2,0.7495896950862067,0.20205827056276454,0.09581788423311928
158.99999999999525,4.7799999999999985,0.2,0.9339697968763965,0.42507918044501813,-0.3524177315498662
159.49999999999523,0.7599999999999999,0.20000000000000004,0.7004846855149391,-0.06567536125075964,-0.04238037656562408
159.49999999999523,2.75,0.2,0.7840175316511766,0.12863081109615432,0.22127169722425977
159.49999999999523,4.7799999999999985,0.2,0.930634171330767,0.5389901579726711,-0.3756577736353829
159.9999999999952,0.7599999999999999,0.20000000000000004,0.692155859390389,-0.06556536040854535,-0.046105949338778776
159.9999999999952,2.75,0.2,0.8187719517279921,0.05699863980613813,0.2919584926879204
159.9999999999952,4.7799999999999985,0.2,0.9153827790533795,0.6227303506552945,-0.3771205849272258
160.49999999999517,0.7599999999999999,0.20000000000000004,0.6829269833777967,-0.06312481489896739,-0.031232670371352182
160.49999999999517,2.75,0.2,0.837652033908893,0.013792542926565348,0.28398709506686826
160.49999999999517,4.7799999999999985,0.2,0.8917609640605201,0.6562264623458302,-0.35006236692500076
160.99999999999514,0.7599999999999999,0.20000000000000004,0.6738999410825216,-0.05828147120359351,-0.0011944891124028062
160.99999999999514,2.75,0.2,0.8396540930192944,0.002650416346083319,0.20424685625813294
160.99999999999514,4.7799999999999985,0.2,0.8665255353259145,0.6402235027009061,-0.2597406558148803
161.4999999999951,0.7599999999999999,0.20000000000000004,0.6672352191532376,-0.051735759907149,0.037412294679524685
161.4999999999951,2.75,0.2,0.8357715976802369,0.0022290294559232683,0.07759945728835627
161.4999999999951,4.7799999999999985,0.2,0.8528836957289399,0.5761627676178516,-0.09031791996678258
161.99999999999508,0.7599999999999999,0.20000000000000004,0.6646404118863978,-0.04487611653563462,0.07660694908636552
161.99999999999508,2.75,0.2,0.8352927341114815,-0.0008083381001926272,-0.07208143032058617
161.99999999999508,4.7799999999999985,0.2,0.8636050939051882,0.4812038647347215,0.13160166130203366
162.49999999999505,0.7599999999999999,0.20000000000000004,0.6671092839518528,-0.039356395436125235,0.1088886815701169
162.49999999999505,2.75,0.2,0.8388136433904995,0.0014529187839431197,-0.2160831231412779
162.49999999999505,4.7799999999999985,0.2,0.8932869432628457,0.4010583118287485,0.3264552984398445
162.99999999999503,0.7599999999999999,0.20000000000000004,0.6743701848417395,-0.036587500346938286,0.1284933538391601
162.99999999999503,2.75,0.2,0.8378609755141991,0.03230297893756734,-0.31774167133241044
162.99999999999503,4.7799999999999985,0.2,0.9172208776647703,0.3971007099516609,0.40043718767745545
163.499999999995,0.7599999999999999,0.20000000000000004,0.6848661958297118,-0.03736119367419872,0.13204145717840982
163.499999999995,2.75,0.2,0.8230348298692115,0.10596543875427396,-0.3534432957051773
163.499999999995,4.7799999999999985,0.2,0.9237278185874104,0.4444639896253332,0.369505997944936
163.99999999999497,0.7599999999999999,0.20000000000000004,0.6959613072382834,-0.04148175747039137,0.11879196298131177
163.99999999999497,2.75,0.2,0.7946796651409862,0.19480345335361907,-0.33436995436659306
163.99999999999497,4.7799999999999985,0.2,0.9195159889899589,0.46442728487124385,0.28970631270989067
164.49999999999494,0.7599999999999999,0.20000000000000004,0.7048797950317046,-0.04774357962996011,0.09082621583158328
164.49999999999494,2.75,0.2,0.7622714260039986,0.2565897426013949,-0.27614193745468707
164.49999999999494,4.7799999999999985,0.2,0.9134972685247364,0.43994288955006033,0.15359913199982447
164.9999999999949,0.7599999999999999,0.20000000000000004,0.709902332806594,-0.05441429977567532,0.053094452851233036
164.9999999999949,2.75,0.2,0.7377838180339928,0.27584007908593317,-0.1783681448527799
164.9999999999949,4.7799999999999985,0.2,0.9144964124665738,0.3925257176514819,-0.04044404029443989
165.49999999999488,0.7599999999999999,0.20000000000000004,0.7103773648419874,-0.0600135308081054,0.012884350522361072
165.49999999999488,2.75,0.2,0.7321605130037171,0.2549887255266301,-0.04638411540476531
165.49999999999488,4.7799999999999985,0.2,0.9251026919126069,0.3683017159360752,-0.2408000523857454
165.99999999999486,0.7599999999999999,0.20000000000000004,0.7067940734682531,-0.06382986615676574,-0.02154193092838206
165.99999999999486,2.75,0.2,0.7500387031328996,0.20143841781323352,0.09832726240787378
165.99999999999486,4.7799999999999985,0.2,0.9340453069118071,0.4275550930761615,-0.3535178624321759
166.49999999999483,0.7599999999999999,0.20000000000000004,0.7002694923681572,-0.06571956548883126,-0.04279120201023292
166.49999999999483,2.75,0.2,0.7847037158018445,0.12761134404497512,0.22339168582628535
166.49999999999483,4.7799999999999985,0.2,0.930496363897001,0.541598666123663,-0.375898449524641
166.9999999999948,0.7599999999999999,0.20000000000000004,0.691896254903617,-0.06556638414480283,-0.04616010865727155
166.9999999999948,2.75,0.2,0.8193299128090766,0.056136581925489176,0.29295569907033664
166.9999999999948,4.7799999999999985,0.2,0.9150806059614801,0.6244096841482784,-0.3771985108891079
167.49999999999477,0.7599999999999999,0.20000000000000004,0.6826357749282042,-0.06307092371474785,-0.030916139536887946
167.49999999999477,2.75,0.2,0.8378555654645463,0.013593236968023031,0.2834949880589872
167.49999999999477,4.7799999999999985,0.2,0.8913397271579975,0.6569918257434395,-0.3493576512580038
167.99999999999474,0.7599999999999999,0.20000000000000004,0.6736327797760686,-0.05817440681047679,-0.000575415295475048
167.99999999999474,2.75,0.2,0.839612587616936,0.002945165896720635,0.2025309584427834
167.99999999999474,4.7799999999999985,0.2,0.8661614477676369,0.6400364298333189,-0.25762055131998485
168.4999999999947,0.7599999999999999,0.20000000000000004,0.667004740005934,-0.05159130693000164,0.03819565104216114
168.4999999999947,2.75,0.2,0.8357043169387306,0.0025529531490140894,0.07507121551257832
168.4999999999947,4.7799999999999985,0.2,0.852849137148916,0.5750997484771121,-0.0866714637920302
168.99999999999469,0.7599999999999999,0.20000000000000004,0.6645047522945569,-0.044727676543845706,0.07739097003203425
168.99999999999469,2.75,0.2,0.8353365069422133,-0.000567584807418229,-0.07500542274567214
168.99999999999469,4.7799999999999985,0.2,0.8640565774317991,0.4797916755228931,0.13590910722435173
169.49999999999466,0.7599999999999999,0.20000000000000004,0.6670910579714167,-0.039240415552284205,0.10952045458339014
169.49999999999466,2.75,0.2,0.8388963975940594,0.0019383245971296426,-0.21876184418330974
169.49999999999466,4.7799999999999985,0.2,0.8938961329291236,0.40058209632779773,0.32940916124848585
169.99999999999463,0.7599999999999999,0.20000000000000004,0.674446937796914,-0.036533956639966204,0.12885455626297818
169.99999999999463,2.75,0.2,0.8377647143557259,0.03361323345620757,-0.31939949285651426
169.99999999999463,4.7799999999999985,0.2,0.9175131596896918,0.3984122190437231,0.4007629107802654
170.4999999999946,0.7599999999999999,0.20000000000000004,0.6850157439446154,-0.03738644672471673,0.1320678102522055
170.4999999999946,2.75,0.2,0.8226271270534997,0.10812002863959799,-0.3538472794649981
170.4999999999946,4.7799999999999985,0.2,0.9237528825681854,0.44594433056289523,0.368550145561475
170.99999999999457,0.7599999999999999,0.20000000000000004,0.6961163283709761,-0.04157666918879235,0.11846534440476195
170.99999999999457,2.75,0.2,0.7940612172852839,0.1969024990777401,-0.33390197400914884
170.99999999999457,4.7799999999999985,0.2,0.9194046989467326,0.4649523069551371,0.2878704963650831
171.49999999999454,0.7599999999999999,0.20000000000000004,0.7049761565183844,-0.04787752607973038,0.09019679196150004
171.49999999999454,2.75,0.2,0.7616647055290289,0.25793404706414114,-0.27489866801241897
171.49999999999454,4.7799999999999985,0.2,0.9134322259928733,0.43964568746608507,0.1504671272294395
171.99999999999451,0.7599999999999999,0.20000000000000004,0.7099267628038254,-0.054549402865859964,0.05227942206540919
171.99999999999451,2.75,0.2,0.7374165860167861,0.27629408236082353,-0.1762658274667931
171.99999999999451,4.7799999999999985,0.2,0.914617739769764,0.3920427241900358,-0.044559512194753625
172.4999999999945,0.7599999999999999,0.20000000000000004,0.7103035486698113,-0.0601238559407549,0.012049158278388549
172.4999999999945,2.75,0.2,0.7322419527581894,0.25462379359169385,-0.04362937507740401
172.4999999999945,4.7799999999999985,0.2,0.9253468422736667,0.36890608107121525,-0.24424972392626063
172.99999999999446,0.7599999999999999,0.20000000000000004,0.7066420875184545,-0.06390408855934135,-0.022219233449824512
172.99999999999446,2.75,0.2,0.7505930821982658,0.20040642460772576,0.10120164332171531
172.99999999999446,4.7799999999999985,0.2,0.9341186402887085,0.4300558370309219,-0.3546720108819042
173.49999999999443,0.7599999999999999,0.20000000000000004,0.7000550052586177,-0.06575462700846196,-0.04315436020349487
173.49999999999443,2.75,0.2,0.7854842215337952,0.12624145528190345,0.2256495132510376
173.49999999999443,4.7799999999999985,0.2,0.9303092759820765,0.5441846889163295,-0.37610113744200435
173.9999999999944,0.7599999999999999,0.20000000000000004,0.6916552703322933,-0.06555336829902572,-0.04612515310494331
173.9999999999944,2.75,0.2,0.8199394469749028,0.05503837073079425,0.2938331301881173
173.9999999999944,4.7799999999999985,0.2,0.9147028030412101,0.6259493673998454,-0.37716670283564824
174.49999999999437,0.7599999999999999,0.20000000000000004,0.6823760490646478,-0.06300245522147582,-0.03048715837495561
174.49999999999437,2.75,0.2,0.8380640000460533,0.01324901615743176,0.28269775879161874
174.49999999999437,4.7799999999999985,0.2,0.8908541714987569,0.6575105464822228,-0.3483772384263893
174.99999999999434,0.7599999999999999,0.20000000000000004,0.6733842196796503,-0.05805123004814595,0.0001476312573336421
174.99999999999434,2.75,0.2,0.8395474841889049,0.003108426338876577,0.20043076858219655
174.99999999999434,4.7799999999999985,0.2,0.8657338361149861,0.6394953562226848,-0.25503712015221786
175.49999999999432,0.7599999999999999,0.20000000000000004,0.6668235041814067,-0.051436533098123564,0.03905472991097649
175.49999999999432,2.75,0.2,0.8356352351113036,0.0027308567101490128,0.07215753948016679
175.49999999999432,4.7799999999999985,0.2,0.8528153122703848,0.573620229078359,-0.08246081995574518
175.9999999999943,0.7599999999999999,0.20000000000000004,0.6644310965584577,-0.044576740669444816,0.0782143241698443
175.9999999999943,2.75,0.2,0.8353800039846379,-0.0004577346874421878,-0.07824139079846582
175.9999999999943,4.7799999999999985,0.2,0.8645607331186345,0.47799215690464003,0.1406829168536732
176.49999999999426,0.7599999999999999,0.20000000000000004,0.6671271568220126,-0.03913081200663615,0.11015164761495659
176.49999999999426,2.75,0.2,0.83897771370429,0.0023607599658293787,-0.2215984162011209
176.49999999999426,4.7799999999999985,0.2,0.8945621849111398,0.39986312308476046,0.33251630001635174
176.99999999999423,0.7599999999999999,0.20000000000000004,0.6745940712951126,-0.03649424475363201,0.12917901342376642
176.99999999999423,2.75,0.2,0.8376341344219703,0.034935895791898264,-0.32103068053858436
176.99999999999423,4.7799999999999985,0.2,0.9178317246769607,0.39958399316464577,0.4009755851649264
177.4999999999942,0.7599999999999999,0.20000000000000004,0.6852134316858475,-0.0374286897131613,0.13202370026389332
177.4999999999942,2.75,0.2,0.8221534858670826,0.11028568532223229,-0.3540991302644919
177.4999999999942,4.7799999999999985,0.2,0.9237571977117073,0.44721878838595847,0.3673897394466917
177.99999999999417,0.7599999999999999,0.20000000000000004,0.6963139497583147,-0.04168711280379445,0.11805381696094627
177.99999999999417,2.75,0.2,0.7933805342046768,0.19892362871333008,-0.3332172426153362
177.99999999999417,4.7799999999999985,0.2,0.9192741578009627,0.46519847109673823,0.2857214275761802
178.49999999999415,0.7599999999999999,0.20000000000000004,0.7051141761764148,-0.04802508259976893,0.08948754756688834
178.49999999999415,2.75,0.2,0.7610049027551132,0.25910734877914104,-0.2733775524008176
178.49999999999415,4.7799999999999985,0.2,0.9133534104488858,0.4390484931755515,0.14691824942368104
178.99999999999412,0.7599999999999999,0.20000000000000004,0.7099602787453752,-0.05469223534215052,0.051399811484688716
178.99999999999412,2.75,0.2,0.737043544678044,0.27652138229508666,-0.17384884729132408
178.99999999999412,4.7799999999999985,0.2,0.9147594546971081,0.39131200804819466,-0.04908638885766742
179.4999999999941,0.7599999999999999,0.20000000000000004,0.7102405365095573,-0.060235403097985404,0.011176439898964441
179.4999999999941,2.75,0.2,0.7323714157512993,0.2540065105848789,-0.04058341533528102
179.4999999999941,4.7799999999999985,0.2,0.9256157784762356,0.36941674301324595,-0.24792004709743273
179.99999999999406,0.7599999999999999,0.20000000000000004,0.7064969281063901,-0.06397566456275641,-0.02289666629635285
179.99999999999406,2.75,0.2,0.7512096754857004,0.19912726437464015,0.1042789329253781
179.99999999999406,4.7799999999999985,0.2,0.9341873201524984,0.43258537396963725,-0.35583258949716756
180.49999999999403,0.7599999999999999,0.20000000000000004,0.6998513440618097,-0.06578260575295,-0.04348572386380902
180.49999999999403,2.75,0.2,0.7863178169876812,0.12466871563160116,0.22796940450519265
180.49999999999403,4.7799999999999985,0.2,0.9300940651589905,0.5467465393613611,-0.3762773714315004
180.999999999994,0.7599999999999999,0.20000000000000004,0.691420378896858,-0.06553107161098722,-0.046032884214192486
180.999999999994,2.75,0.2,0.8205639827423576,0.05381117962300233,0.29461645920315593
180.999999999994,4.7799999999999985,0.2,0.9142749421703815,0.6273945842798766,-0.37706159201546896
181.49999999999397,0.7599999999999999,0.20000000000000004,0.6821143353734908,-0.06292100047352678,-0.029998290639994415
181.49999999999397,2.75,0.2,0.8382606819324312,0.012833338851708138,0.2816994506722925
181.49999999999397,4.7799999999999985,0.2,0.8902721103713297,0.6578679998106672,-0.3472296776956754
181.99999999999395,0.7599999999999999,0.20000000000000004,0.6731629688197425,-0.057919550988217494,0.0009335528027572556
181.99999999999395,2.75,0.2,0.8394872315766372,0.00319463504171133,0.19809418132963966
181.99999999999395,4.7799999999999985,0.2,0.8652682117867369,0.6387325743276855,-0.252167804561892
182.49999999999392,0.7599999999999999,0.20000000000000004,0.6666810110691237,-0.05127586718369487,0.03996323855346277
182.49999999999392,2.75,0.2,0.8355660829735747,0.002816959403207118,0.06901534746982343
182.49999999999392,4.7799999999999985,0.2,0.8527902581810438,0.5718897438940773,-0.0779138948246767
182.9999999999939,0.7599999999999999,0.20000000000000004,0.6643805265435988,-0.04442522092264654,0.07906014145621919
182.9999999999939,2.75,0.2,0.8354507874377739,-0.0004235613727646484,-0.08165358848895812
182.9999999999939,4.7799999999999985,0.2,0.8651179113329629,0.47597308820111917,0.1457126582092848
183.49999999999386,0.7599999999999999,0.20000000000000004,0.6672189204073934,-0.03902554066438582,0.11077901430727284
183.49999999999386,2.75,0.2,0.8390548945673441,0.002749565939812638,-0.224514491113417
183.49999999999386,4.7799999999999985,0.2,0.8952502583240429,0.3990221253766769,0.3356698282233692
183.99999999999383,0.7599999999999999,0.20000000000000004,0.6747669402468353,-0.03646387730562771,0.12947579537624865
183.99999999999383,2.75,0.2,0.8374714582034539,0.03627787475736706,-0.32262595031774405
183.99999999999383,4.7799999999999985,0.2,0.9181481710190791,0.4006825737854421,0.4010957613347492
184.4999999999938,0.7599999999999999,0.20000000000000004,0.6854492906127423,-0.03748129697205994,0.13193606804445793
184.4999999999938,2.75,0.2,0.821646454775117,0.11246156934760508,-0.35424726076902974
184.4999999999938,4.7799999999999985,0.2,0.9237537405990612,0.4483553927257661,0.36610145661940896
184.99999999999378,0.7599999999999999,0.20000000000000004,0.6965346554614282,-0.04180750953244565,0.11758939510023671
184.99999999999378,2.75,0.2,0.7926533378059456,0.20088698507935202,-0.3323954698284747
184.99999999999378,4.7799999999999985,0.2,0.9191398967775793,0.465263637238557,0.2833739183200209
185.49999999999375,0.7599999999999999,0.20000000000000004,0.7052595063225312,-0.04817628709250112,0.08872196301972456
185.49999999999375,2.75,0.2,0.7603203472698388,0.2601682558478467,-0.27168213737428903
185.49999999999375,4.7799999999999985,0.2,0.9132784413222955,0.4382653248957509,0.14311249055850325
185.99999999999372,0.7599999999999999,0.20000000000000004,0.7100013374878518,-0.05483683765223789,0.05047743774182636
185.99999999999372,2.75,0.2,0.7366775029565195,0.27660495347827424,-0.17123651422152947
185.99999999999372,4.7799999999999985,0.2,0.9149148981292896,0.3904403953076968,-0.05385269298551467
186.4999999999937,0.7599999999999999,0.20000000000000004,0.710176916639168,-0.060346519563210514,0.01028263604039261
186.4999999999937,2.75,0.2,0.7325223360500065,0.2532309164332108,-0.037359078761511955
186.4999999999937,4.7799999999999985,0.2,0.9258996929909357,0.36989336454281546,-0.2516908053896225
186.99999999999366,0.7599999999999999,0.20000000000000004,0.7063653221180414,-0.06404463415000906,-0.023570767830794623
186.99999999999366,2.75,0.2,0.7518799980082764,0.19769612513986004,0.10747327776282306
186.99999999999366,4.7799999999999985,0.2,0.9342515089385639,0.43514204364910003,-0.3569738148408876
187.49999999999363,0.7599999999999999,0.20000000000000004,0.6996696030346857,-0.06580713613783273,-0.0437908317788013
187.49999999999363,2.75,0.2,0.7871846808028514,0.12297524984825554,0.230312979446019
187.49999999999363,4.7799999999999985,0.2,0.9298650193055003,0.5492814072486204,-0.376438788505695
187.9999999999936,0.7599999999999999,0.20000000000000004,0.6911872242565545,-0.06550464392479381,-0.04589778970972056
187.9999999999936,2.75,0.2,0.8211996118316782,0.052516151698835424,0.2953254940809217
187.9999999999936,4.7799999999999985,0.2,0.9138208017295218,0.628769029979609,-0.3769062804632579
188.49999999999358,0.7599999999999999,0.20000000000000004,0.6818788210338966,-0.06283707457203185,-0.029451415947248337
188.49999999999358,2.75,0.2,0.8384411010962738,0.012377396035835717,0.2805656369466193
188.49999999999358,4.7799999999999985,0.2,0.8896929744691955,0.6581182105950911,-0.34595229697338176
188.99999999999355,0.7599999999999999,0.20000000000000004,0.6729505853775026,-0.05778107303538,0.0017582980139756936
188.99999999999355,2.75,0.2,0.8394002606570069,0.0032374545420448975,0.19560446941125081
188.99999999999355,4.7799999999999985,0.2,0.8647876849692895,0.6378250712543202,-0.24910308615631782
189.49999999999352,0.7599999999999999,0.20000000000000004,0.6665368246828968,-0.05111137961506948,0.04089576293633732
189.49999999999352,2.75,0.2,0.8354981466437291,0.002850738292367736,0.0657274376533987
189.49999999999352,4.7799999999999985,0.2,0.8527763870122875,0.5700009966244466,-0.07315114585205224
189.9999999999935,0.7599999999999999,0.20000000000000004,0.6643700398308894,-0.04427259447347269,0.079917179975713
189.9999999999935,2.75,0.2,0.8355088273027863,-0.00043398188607356517,-0.08517488285851796
189.9999999999935,4.7799999999999985,0.2,0.8656872317388711,0.47382391716930083,0.15088962468379996
190.49999999999346,0.7599999999999999,0.20000000000000004,0.6673094071724344,-0.03892353643097319,0.11139986517403065
190.49999999999346,2.75,0.2,0.8391274497150789,0.003130707101025072,-0.22746820794446418
190.49999999999346,4.7799999999999985,0.2,0.8959602705604798,0.3981363051727222,0.3388210350932633
190.99999999999343,0.7599999999999999,0.20000000000000004,0.674973728275727,-0.03643975293446791,0.1297534102595971
190.99999999999343,2.75,0.2,0.8372979688326497,0.0376432501948631,-0.3241849201341617
190.99999999999343,4.7799999999999985,0.2,0.9184733048356236,0.4017520723218642,0.40113792425679423
191.4999999999934,0.7599999999999999,0.20000000000000004,0.6857035098009222,-0.03754173100200153,0.13181624061336158
191.4999999999934,2.75,0.2,0.8210996290622589,0.1146443139132339,-0.3543222964136696
191.4999999999934,4.7799999999999985,0.2,0.9237363179187422,0.44940495736149866,0.3647259313470601
191.99999999999338,0.7599999999999999,0.20000000000000004,0.6967587047088957,-0.04193630692334405,0.1170873652490662
191.99999999999338,2.75,0.2,0.7918972817365698,0.20280913330692216,-0.3314814018822487
191.99999999999338,4.7799999999999985,0.2,0.9189825490115112,0.4652147666471217,0.28089489175804294
192.49999999999335,0.7599999999999999,0.20000000000000004,0.7053992088932706,-0.048334438406180215,0.08792408538799215
192.49999999999335,2.75,0.2,0.7596156167568423,0.26115006966870646,-0.26987176712665784
192.49999999999335,4.7799999999999985,0.2,0.9132001874921372,0.4373698330886497,0.1391356055726592
192.99999999999332,0.7599999999999999,0.20000000000000004,0.710057789209198,-0.05498451119478332,0.04953094149240491
192.99999999999332,2.75,0.2,0.7363154320146621,0.2765927187379842,-0.1684978962132071
192.99999999999332,4.7799999999999985,0.2,0.915086844267279,0.3894940598595681,-0.05876436213737858
193.4999999999933,0.7599999999999999,0.20000000000000004,0.7101271352838278,-0.060456650892155975,0.009376849570976419
193.4999999999933,2.75,0.2,0.7327037622618475,0.2523534639143087,-0.03402675154581019
193.4999999999933,4.7799999999999985,0.2,0.9261806055964776,0.37037978212148615,-0.2554957775465323
193.99999999999326,0.7599999999999999,0.20000000000000004,0.7062235750931969,-0.06411075323362331,-0.024242431676156185
193.99999999999326,2.75,0.2,0.7525573774016916,0.1961725035751393,0.11073199115805152
193.99999999999326,4.7799999999999985,0.2,0.9343074470547688,0.43773167239977206,-0.35808071897909666
194.49999999999324,0.7599999999999999,0.20000000000000004,0.6994685492929023,-0.06582695841923801,-0.044080778444740974
194.49999999999324,2.75,0.2,0.7880702960336915,0.12121052208893393,0.23265691809961828
194.49999999999324,4.7799999999999985,0.2,0.9296140166476163,0.5517892620945245,-0.3765875737513731
194.9999999999932,0.7599999999999999,0.20000000000000004,0.690972038001405,-0.06547318496122508,-0.04573908951659426
194.9999999999932,2.75,0.2,0.8218273915126144,0.05118844874813299,0.2959702549873917
194.9999999999932,4.7799999999999985,0.2,0.9133409647605468,0.6300906174681484,-0.3767134661849958
195.49999999999318,0.7599999999999999,0.20000000000000004,0.6816459050673853,-0.06274622675403856,-0.028882945674271767
195.49999999999318,2.75,0.2,0.838622833501561,0.011909812787211576,0.2793381594440765
195.49999999999318,4.7799999999999985,0.2,0.88909010410003,0.6582919981708839,-0.34458987718342693
195.99999999999315,0.7599999999999999,0.20000000000000004,0.6727472745823974,-0.05763771652295617,0.0026093488341663086
195.99999999999315,2.75,0.2,0.8393235274565347,0.003256548127575181,0.1930181976990493
195.99999999999315,4.7799999999999985,0.2,0.8642952520706843,0.6368196291922943,-0.24590592654903565
196.49999999999312,0.7599999999999999,0.20000000000000004,0.6664257790472797,-0.050944917927986284,0.04184959267185988
196.49999999999312,2.75,0.2,0.8354275784056209,0.0028521281670826,0.06235273677110622
196.49999999999312,4.7799999999999985,0.2,0.8527767332650518,0.5680124418859885,-0.0682498509780414
196.9999999999931,0.7599999999999999,0.20000000000000004,0.664354922134483,-0.044119789557657836,0.08078027694926392
196.9999999999931,2.75,0.2,0.8355743947499884,-0.0004674032970020496,-0.08875483696068209
196.9999999999931,4.7799999999999985,0.2,0.8662775540303732,0.4716059191682446,0.1561435023245335
197.49999999999307,0.7599999999999999,0.20000000000000004,0.6674287031711461,-0.03882339987431253,0.11201528892300708
197.49999999999307,2.75,0.2,0.839190181958704,0.0035159594235475346,-0.23043319404982132
197.49999999999307,4.7799999999999985,0.2,0.8966750489509132,0.39724072193611376,0.3419349915811718
197.99999999999304,0.7599999999999999,0.20000000000000004,0.675191792170988,-0.03641921566369748,0.13001362120681534
197.99999999999304,2.75,0.2,0.8371127017573493,0.03903595600738891,-0.32570688327943564
197.99999999999304,4.7799999999999985,0.2,0.9187780174431772,0.402813417573176,0.40110921997709836
198.499999999993,0.7599999999999999,0.20000000000000004,0.6859627828013786,-0.037608175199140885,0.13167511777728033
198.499999999993,2.75,0.2,0.8205282556259794,0.11683768585155838,-0.35434204615483933
198.499999999993,4.7799999999999985,0.2,0.9237085917787462,0.45039164080761823,0.36329212899281443
198.99999999999298,0.7599999999999999,0.20000000000000004,0.6969889544423795,-0.04206977077843685,0.11656708459204194
198.99999999999298,2.75,0.2,0.7911365026473316,0.20470094085863455,-0.3305071600807478
198.99999999999298,4.7799999999999985,0.2,0.9188274287686056,0.46508595856795565,0.27832797038322316
199.49999999999295,0.7599999999999999,0.20000000000000004,0.7055699346816622,-0.0484956947334679,0.08710425747978384
199.49999999999295,2.75,0.2,0.7589259698861562,0.26207858192860506,-0.26798459463489405
199.49999999999295,4.7799999999999985,0.2,0.9131262835116557,0.43640311531938236,0.13504766793375247
199.99999999999292,0.7599999999999999,0.20000000000000004,0.7101125074218485,-0.05513201264836456,0.04856876342408484
199.99999999999292,2.75,0.2,0.7359631678484932,0.2765155353522783,-0.1656763396215392
199.99999999999292,4.7799999999999985,0.2,0.9152652089750359,0.38850954542899185,-0.06376227826472483
200.4999999999929,0.7599999999999999,0.20000000000000004,0.7100615309704201,-0.06056822770707858,0.00846919292545333
200.4999999999929,2.75,0.2,0.7329080325599178,0.2514115562050106,-0.030626743697281678
200.4999999999929,4.7799999999999985,0.2,0.9264792256565916,0.3708937247754047,-0.25929767879044785
200.99999999999287,0.7599999999999999,0.20000000000000004,0.7060882262115731,-0.06417674257416005,-0.024905219190211828
200.99999999999287,2.75,0.2,0.7532683731649612,0.19458792827615373,0.11402318719212026
200.99999999999287,4.7799999999999985,0.2,0.9343444675321017,0.4403498788374483,-0.35914845362583675
201.49999999999284,0.7599999999999999,0.20000000000000004,0.6992782239814401,-0.06584520673752359,-0.04435360880825668
201.49999999999284,2.75,0.2,0.7889684102833627,0.11940948541684103,0.23498337228225405
201.49999999999284,4.7799999999999985,0.2,0.9293490447118304,0.554271856690968,-0.37672920017869826
201.9999999999928,0.7599999999999999,0.20000000000000004,0.6907481897459468,-0.06543962819125541,-0.045557020408429176
201.9999999999928,2.75,0.2,0.8224649129429638,0.04985197386596139,0.29655371142038794
201.9999999999928,4.7799999999999985,0.2,0.9128489879387173,0.6313705874137133,-0.3764905515196655
202.49999999999278,0.7599999999999999,0.20000000000000004,0.681424951010961,-0.06265233596774061,-0.028289906921160016
202.49999999999278,2.75,0.2,0.8387943722515071,0.011442542731696276,0.2780317932516224
202.49999999999278,4.7799999999999985,0.2,0.8884795446548093,0.6584111092517053,-0.3431550305599183
202.99999999999275,0.7599999999999999,0.20000000000000004,0.67256882806903,-0.057493110954767855,0.0034795308385219166
202.99999999999275,2.75,0.2,0.8392346903633077,0.0032637375562265675,0.19035682859627734
202.99999999999275,4.7799999999999985,0.2,0.863812075403589,0.6357467535242279,-0.24260557497371693
203.49999999999272,0.7599999999999999,0.20000000000000004,0.6663134739894743,-0.05077724931380977,0.04280955377823461
203.49999999999272,2.75,0.2,0.8353669289945905,0.002831904451618683,0.05891739847908786
203.49999999999272,4.7799999999999985,0.2,0.8527837789798689,0.5659580895895711,-0.06324895992593069
203.9999999999927,0.7599999999999999,0.20000000000000004,0.6643647809897197,-0.04396847540226849,0.0816434705249838
203.9999999999927,2.75,0.2,0.8356411377408126,-0.0005136569808188302,-0.09236912647755278
203.9999999999927,4.7799999999999985,0.2,0.8668913039298118,0.46935069257762213,0.16143824742449958
204.49999999999267,0.7599999999999999,0.20000000000000004,0.6675556817180404,-0.038726070975325246,0.11262079603423722
204.49999999999267,2.75,0.2,0.8392562765627873,0.003908207139538279,-0.23339041190988197
204.49999999999267,4.7799999999999985,0.2,0.8973885605253735,0.3963663025761686,0.34499262178515216
204.99999999999264,0.7599999999999999,0.20000000000000004,0.6754061768423154,-0.036402448755154165,0.13025653918266497
204.99999999999264,2.75,0.2,0.836898384506093,0.040453456275794206,-0.3271861958578854
204.99999999999264,4.7799999999999985,0.2,0.9190786673778399,0.4038827183875686,0.40101318224936366
205.4999999999926,0.7599999999999999,0.20000000000000004,0.6862264581558142,-0.03767712837694909,0.1315142209226039
205.4999999999926,2.75,0.2,0.8199551578448873,0.11903549250037654,-0.35431238015927297
205.4999999999926,4.7799999999999985,0.2,0.9236811719960806,0.45133322124758013,0.3618078344596345
205.99999999999258,0.7599999999999999,0.20000000000000004,0.6972351601960545,-0.04220495852544432,0.116021044636037
205.99999999999258,2.75,0.2,0.7903554594622021,0.20656158358433566,-0.32948148126883753
205.99999999999258,4.7799999999999985,0.2,0.918673534256038,0.46489751065593565,0.2756801613028078
206.49999999999255,0.7599999999999999,0.20000000000000004,0.7057230739376897,-0.04865681391230018,0.08626910235982485
206.49999999999255,2.75,0.2,0.7582193114850774,0.2629607221087493,-0.2660372895182969
206.49999999999255,4.7799999999999985,0.2,0.9130612246332297,0.43538632365855756,0.13086982202971775
206.99999999999253,0.7599999999999999,0.20000000000000004,0.7101544032777786,-0.055279483053704066,0.04759919356961429
206.99999999999253,2.75,0.2,0.7356273344882279,0.276386660026641,-0.1627962209479955
206.99999999999253,4.7799999999999985,0.2,0.915450664447871,0.3875082067471066,-0.0688142897912693
207.4999999999925,0.7599999999999999,0.20000000000000004,0.7100111249257277,-0.060676289962859994,0.00755909528272658
207.4999999999925,2.75,0.2,0.7331224535780766,0.25041790992087004,-0.027184268151594367
207.4999999999925,4.7799999999999985,0.2,0.9267608220403121,0.37144703179140626,-0.2630674946176237
207.99999999999247,0.7599999999999999,0.20000000000000004,0.7059520211604112,-0.0642394955487175,-0.02556107768259866
207.99999999999247,2.75,0.2,0.7539884231268204,0.1929614819965569,0.11732638910293822
207.99999999999247,4.7799999999999985,0.2,0.9343902202236917,0.4429979209279383,-0.3601695012043633
208.49999999999244,0.7599999999999999,0.20000000000000004,0.6990738693309922,-0.06586165207560209,-0.04460834144798418
208.49999999999244,2.75,0.2,0.7898763670776213,0.11758342879512179,0.23728576966717035
208.49999999999244,4.7799999999999985,0.2,0.9290746131041677,0.5567264997730138,-0.37685802002928864
208.9999999999924,0.7599999999999999,0.20000000000000004,0.6905344985166412,-0.06540284260976069,-0.04535871902923694
208.9999999999924,2.75,0.2,0.8230851683950149,0.048514390432108194,0.2970802757680388
208.9999999999924,4.7799999999999985,0.2,0.9123469690639294,0.63261019364807,-0.3762381950100451
209.49999999999238,0.7599999999999999,0.20000000000000004,0.6811902419849687,-0.06255565173629356,-0.027683794476616445
209.49999999999238,2.75,0.2,0.8389562511351156,0.010981662193649367,0.27666174247541553
209.49999999999238,4.7799999999999985,0.2,0.8878461589329341,0.6584810820410704,-0.3416638009031269
209.99999999999235,0.7599999999999999,0.20000000000000004,0.6723569485996578,-0.05734700124518239,0.004359950040390499
209.99999999999235,2.75,0.2,0.8391526070834392,0.0032632022091466425,0.18764224468362567
209.99999999999235,4.7799999999999985,0.2,0.8633370203002142,0.634618650573963,-0.2392250069796216
